"V1","V2","V3"
1,-0.591325125989882,-2.12244155963916
1,-2.36570697524463,1.98095034690819
1,-1.39344843605187,-0.156427942776814
1,0.621990934510979,-1.46032234167115
1,0.191390635235337,-0.412501506408066
1,-0.712581390272113,-0.951343279981086
1,1.15390800543702,-0.453749074595912
1,-0.168855680672257,1.1859779602975
1,0.543077599295838,0.112326766781042
1,1.06115733496816,0.332392170314785
1,0.0370428237466392,0.643881197081073
1,0.473769402405457,-0.924615926754444
1,1.1306246795945,0.343636010105539
1,0.664851203171273,-1.23634014204498
1,0.555865863765207,-0.420540569681127
1,0.978678756673862,0.944572620883227
1,-0.816712764607243,-0.110216865158831
1,-0.903756332857987,1.14022486955566
1,-0.18392948800389,-2.72381214559575
1,-0.848213615314131,0.943372669384827
1,0.826543209606463,0.610565654426487
1,-0.655800521493029,-0.0488418267855205
1,0.752669631929276,-0.719211170515186
1,-0.423766728136386,0.614856111368096
1,1.34890788038285,-0.833497505110545
1,-0.42416563711224,1.21000718057609
1,1.22524579561263,0.705459068661461
1,-0.317583026043206,-0.744567076791062
1,0.112916055483959,0.332810664141511
1,1.29528409086502,0.359592760892855
1,0.0694263705250402,1.84377780388181
1,-0.232032870979708,0.41200205811255
1,0.962046434545967,-0.966995202131526
1,-0.235936301022586,0.654528695725758
1,-1.01374680869709,0.640267596345275
1,0.940091629187457,1.55052842089692
1,-1.62522682113808,-0.874010115061328
1,2.91273926343092,0.865177989496166
1,-0.197658499556121,-0.11525210946869
1,-0.803860884364415,-0.557409208108372
1,1.74825995041296,0.259645801490231
1,0.661550789856256,0.0533180163980196
1,0.190552738274873,-0.387798404374879
1,0.790532655078175,0.477509674993166
1,1.30288237482782,0.413621680442271
1,0.572959067012435,-1.12445052859883
1,-0.919852663337469,0.019761359733274
1,-0.634101089017729,1.27703531253841
1,0.148413188574242,1.7076639139383
1,-0.067303233761605,1.20687628009445
1,0.416906989069513,-0.516840544635647
1,-1.80734605248942,-1.20299397851941
1,0.206240960757697,-1.02767585849243
1,-0.104768055744563,-0.903879519993375
1,0.338964633662792,0.453617607031993
1,0.386970950373257,0.288850964566346
1,2.97103727251623,0.904535900721617
1,-0.478518936417111,0.754214563692956
1,0.433661836447216,0.106028468251263
1,-1.06572471585129,0.496749595785171
1,0.623412918493075,-0.0732994164804025
1,0.830200837455675,0.438238256726664
1,-0.868362789058259,0.0374029378334715
1,0.848149690275899,-0.360128254115124
1,0.982566901311036,-0.301368691909057
1,0.299259990546365,2.46659809123469
1,0.666198648481239,-0.23232707301835
1,0.58441706807759,-0.83720206551117
1,-0.362766352499325,0.125346918154549
1,-1.0513930286576,-0.476921846929028
1,-0.821102190276243,0.68622132994409
1,-1.35253919176144,1.10305544194083
1,0.152366945816491,0.520909510090349
1,1.68886089809647,0.387680036425218
1,1.24156436447877,0.719186177639464
1,0.541197760992519,-0.0740487599591569
1,-0.681139096482091,-0.846580946405444
1,1.68045137788116,1.06030453852488
1,-0.354278869843445,-0.493802406407231
1,0.529968853605584,1.40758451439527
1,0.596697704310812,0.400414032711605
1,-0.502799293449722,0.39317986388798
1,-0.808916755947087,0.996558004250835
1,-0.124347241473758,0.407764346251332
1,-0.0459296676951966,2.16392864376451
1,-0.430881011655436,0.673604936396248
1,-0.461708309719228,0.153911169717299
1,1.4205253202828,0.0279730578328188
1,0.487601192662531,1.74974034881058
1,-0.0968754295308748,1.29851982892419
1,0.671620159512306,0.432402484308708
1,0.54444626833335,0.59291889466451
1,0.380107721571117,-0.863788477797377
1,0.927248611173909,0.34152318959937
1,-0.969653983632945,1.49226062480163
1,0.385224053201322,0.263594770477058
1,-0.479815735738586,0.850490158286397
1,-0.209744624439129,0.0324109489427749
1,-0.0527968646571618,-0.450175056686889
1,-1.1946480778826,1.33542404376958
1,-0.0135719867652305,-0.159090944155602
1,-0.182182606979441,-0.721769641887345
1,1.2520971508744,-0.413285718689486
1,-0.332537086677199,-0.443937158244259
1,1.20751214774994,1.24472661522059
1,0.319606757257537,-0.225229226540337
1,-0.467634062397252,-0.378155704935199
1,0.577650351110146,1.71257652782704
1,0.483182508750967,0.851574424484026
1,-0.863602243730807,0.529639357602158
1,0.057130153937935,2.4504184988118
1,-0.426261581434765,0.387407799412653
1,-1.12873812711887,-0.544667948091926
1,-0.0557972487488398,-0.719703089160713
1,-0.213129965826384,1.31559457547649
1,-2.83830003337501,-0.675428826545378
1,0.460551945449992,0.6097015806003
1,1.25672178722549,-1.37753242635516
1,-1.59189544043011,-0.243723498230302
1,-0.420202997611991,0.0233182583120573
1,0.920276124917558,0.044246711909952
1,-1.37980112527687,-1.34655030997709
1,-1.59503681643521,0.395992753593034
1,0.742328114063388,0.199339181011567
1,0.0547368445596726,0.0719200743441155
1,-0.249568194754037,1.07409239624198
1,1.17131430362327,-0.358599645167593
1,-0.77069940818297,0.247807411894513
1,0.29203632608946,0.785523862164567
1,1.27135185859932,0.404184672626408
1,-1.03410790957378,0.684568382929902
1,1.02414851958006,-0.279638346985863
1,-0.222290734622679,-0.960532399900946
1,1.20968603940223,2.12406310923954
1,0.573341493176061,-0.809353385072776
1,0.318277376561039,1.32027053300702
1,-1.13759123152139,-0.446091910120401
1,-0.462134398283262,-0.419272864781541
1,-0.622738538261779,0.34567157622936
1,-0.651881150556438,-1.27841762571985
1,2.074452464704,-2.37081917345187
1,-0.382521376331133,-0.566222683532403
1,0.77462398358629,0.731661431689335
1,0.792231541983952,-1.40927570522388
1,0.920746814208253,0.389854117404279
1,-0.968018220220764,-0.332653380028541
1,-0.478813570055408,-1.25711191994019
1,1.95501691316744,0.304613681398439
1,0.645960970890182,-0.106153057325584
1,0.682318446848593,0.743828477760457
1,-0.463024148511389,-1.36974612216826
1,-0.792329610647042,0.949478872319219
1,0.599493686053736,0.382829823306971
1,-0.711776806393496,-0.0740435289879213
1,0.693433862329803,-0.094200619325415
1,0.96865069601523,0.161396031801716
1,-1.47812500700669,-0.308153258018463
1,-0.388070705279754,-0.0558754854088224
1,0.390132341478498,0.920696492300496
1,0.949308205624632,-0.671504660322989
1,-0.303371765651926,-0.430770135573328
1,-0.865895464066823,-1.64318251569456
1,0.45506002078552,-0.79330551666721
1,0.221572517783898,0.272603880105293
1,-0.658992965397847,2.30977259636347
1,2.41086886597528,0.379291831339231
1,-0.0754683255264443,-0.653466538537791
1,1.33933117456798,-0.798445010326879
1,0.305476659290745,2.48170139728862
1,-0.956145387659812,-1.62973752665921
1,-0.471834343255917,-0.20307355144462
1,-0.80683732443865,0.372433146076259
1,-0.265642429081761,0.37900198108915
1,-0.144473434326528,1.32338152172455
1,1.02838565435919,-0.770194284984116
1,0.246561863497737,-1.02595553451298
1,0.415137543335606,-1.19266268754846
1,0.104792136154782,-0.0144138927380295
1,-1.16280615532987,-0.476153222707341
1,0.661033957627273,-0.244247739005493
1,0.444315034259398,1.91834149634878
1,-0.344040070857946,0.398519471883502
1,0.634793727976665,-1.33962599135008
1,-1.11202615500397,0.438371888612416
1,-0.58283371148803,1.18165361207047
1,1.38027605311884,-1.69509195576076
1,-0.819107868779715,-0.802788770107523
1,-0.3219412763124,0.348284472131986
1,-0.6607323810997,1.5096037004769
1,1.64223307801848,1.03533118883821
1,1.66838783051712,1.49194664636898
1,2.63326049118148,0.0470313309932473
1,0.894720848055298,0.0915624387721343
1,-0.0761202122937729,-1.10323682510864
1,-0.323034158586927,-1.93480904333269
1,0.701929762422587,-1.10640165853961
1,0.228397960085744,1.16635782686947
1,-0.648872813006553,0.101786681161953
1,0.867859690123439,-0.741690169411562
1,1.7250842034028,0.348990475171973
1,-0.651973773903835,0.716070864850917
1,0.571068280745512,-0.798494977817812
1,1.11820013946821,0.32993574163496
1,-0.175819227080542,1.77508987937767
1,0.375981763203761,1.49970956822795
1,0.480803515636016,0.802367155546626
1,-1.18921400891447,-0.348973178354646
1,0.555800773140625,0.15659445931899
1,2.12834601976257,0.132512720798481
1,2.39124558765586,0.562609007583716
1,2.36749223608939,0.468242191264618
1,-0.0615857461714526,-1.11301503428658
1,-0.910171667820251,0.0515666383179059
1,-1.19599812259101,-0.318693100837506
1,-0.572542495372766,0.987812140669221
1,0.583796769149553,1.23520582998279
1,0.201644746139099,-0.842932658079278
1,1.87619399887093,0.657299953576731
1,-0.552174909232964,-0.52613526381322
1,-0.551506180780631,-0.400303458064101
1,1.37027494341496,-1.80195185914742
1,0.0443818163575904,0.30913937917173
1,1.55966738383229,-1.03953757000571
1,-1.52270669981859,0.342512476799888
1,0.810938531532973,-2.67287609813753
1,0.560698832230691,0.532440640473063
1,-1.57785069044664,1.70888829825144
1,-1.29284196007949,-1.46979978155702
1,-0.160887236808762,0.985843611843717
1,0.881397281552473,-0.444087198235449
1,-0.572992490175525,0.0252714175836709
1,0.130533760661425,0.540876716810948
1,0.691104892721393,1.01419797066493
1,-0.859407348483927,1.88312069574049
1,0.03029005564468,0.727907466177952
1,0.385825982897337,-0.579142565893463
1,0.550808250586026,0.82001684216909
1,-1.79115628698005,1.72076808004139
1,1.74666195640384,-0.345227401965305
1,1.14770260759175,0.30009444045313
1,0.902903810088932,-2.19969359120092
1,1.12881257080591,-0.958358277951575
1,0.400600609807861,-1.58112530430649
1,-0.142253667111741,-0.909000780925784
1,0.433427423627935,0.300011838131717
1,1.56041987144717,-0.377213236099576
1,-0.0440647824097058,-0.787047549454887
1,-1.02014996481531,-0.421712871008705
1,-0.456404131321754,-0.0548843769353534
1,-1.53168889460012,-1.06649077637026
1,0.555656058839458,-0.0838208005063609
1,-0.810275806168975,-0.63792705664241
1,-0.126022265559273,0.222545648174359
1,0.630546245539559,0.532939381537241
1,-0.739547777814642,-1.43275266700627
1,-1.79130067511804,0.353268920466059
1,-0.202529616281026,-0.113114050895967
1,-1.14499182908381,-0.476759561633853
1,-0.427150652712107,0.37817349270213
1,0.8974883012682,-0.773711978415057
1,0.0962349748263691,-0.872074669729882
1,-0.129047502010482,1.00968248249407
1,0.955733961059346,0.179430002744994
1,-0.141775581005057,-0.772448569534952
1,0.644425577309428,-0.770896049132654
1,-0.351903379834184,0.850156349135207
1,-0.101356862337846,0.958242732551988
1,0.759368890952764,1.28484971565739
1,0.906665052768532,-0.252007588685867
1,-0.467392062014244,0.691651477982039
1,-0.681736237766362,-0.123997820108413
1,0.804435876155413,2.68254415978432
1,-0.0761571402529462,0.749456527524172
1,0.0721744639552192,1.59481057457507
1,-0.815635857697761,1.45927853032192
1,-1.34731079137259,0.184138184259517
1,0.318756269476417,-0.297758172012898
1,1.51815356277098,-0.875459768585911
1,-0.420152900362536,0.404651415562019
1,0.970597444041008,-0.853123652524361
1,0.054431693326869,0.252561041713648
1,-0.713934637138476,-0.546351638720807
1,1.0407640191083,0.257998983307798
1,1.31970305845372,0.303978400019109
1,0.554495780409896,0.575892331596159
1,-0.156762687554029,0.342451991973279
1,1.13111028001585,-0.914044930050622
1,1.05431447068984,0.334804701224112
1,-0.24022864043216,0.434779293616153
1,-1.46158128053305,0.611546841972079
1,0.349261062765437,-0.406864928843891
1,-0.564343458090249,0.712451430193244
1,-1.98703604526559,-0.179302263323213
1,0.937027183893803,1.90032117556944
1,-0.205345887498639,1.635428818787
1,0.570422220843618,-0.649237775112827
1,-0.907915920594217,-2.59839145123257
1,1.06984870359873,1.0707388874877
1,0.243100112148494,-0.370544168687675
1,-1.23960411262072,3.16395499511162
1,-0.386159614120329,0.847576971441594
1,-1.93348798840202,1.22475686562104
1,0.256190364530874,1.21111222674365
1,0.213940304349362,0.209432175991598
1,-0.639293762632522,-0.047819251564027
1,1.94013097801489,-2.01168205861828
1,0.272574895239957,0.429340035240035
1,0.399297122948219,-0.102124182695753
1,-0.816689318038711,-0.574734122123309
1,-0.298392580416453,-0.11891576639342
1,-1.10259366634573,2.05955173495922
1,-1.2972037930525,-0.219630481030712
1,-0.482111874978175,0.861063803895407
1,-0.327142058122313,-1.09193617840775
1,0.502211298604777,0.788796242188431
1,-0.0788863092460361,-0.0186812213296326
1,0.932178493754658,-0.0979002883194943
1,-0.341098207117496,-1.76642150242078
1,0.0920959021344875,0.28926097837086
1,0.42278324761291,1.08638963121655
1,-0.576836419375914,0.832358132735363
1,0.159224779971422,2.1286526328388
1,-1.4087142229825,-0.0515918643900941
1,0.0777449964894196,-0.704167221952507
1,-0.857562278803493,0.0618168764392942
1,0.921392304249077,0.355224633720985
1,-0.251729852044848,0.0716153503279939
1,0.369848716459659,0.840028602201649
1,0.282952135024489,0.420641725596884
1,-0.686647759034433,-1.70508450531387
1,1.73446836609647,-0.140964899459925
1,-0.0601159059479134,2.24471875521989
1,-0.670472058874507,-1.73541187996046
1,-0.163135289531232,0.51593644657549
1,-0.285108114128925,1.44136484145219
1,-0.305273700058541,0.0237056711034444
1,-0.169006693654874,0.539435334277525
1,-0.793422829807795,1.77212332144138
1,1.07641244955251,-0.867717786607945
1,-0.376144480791042,0.203230657948085
1,0.0167263894763231,0.59203005600332
1,-0.438286380962494,-0.467955271789349
1,-0.446047130941685,-0.784399857003792
1,-0.2332832069527,-1.17558639674037
1,1.58663914626146,-0.654661881671559
1,1.0907556259467,-0.973565098013998
1,-0.624823941509102,0.25410913344146
1,0.576005351114079,-0.393917322960386
1,0.696969378367881,0.295421036851764
1,-1.32837092252732,1.58557557105071
1,-1.19520398946822,1.30792116867618
1,-0.932859453810617,-0.863563062041567
1,-0.995052886678401,-0.848419788828645
1,-0.500121102647301,0.762675399594637
1,-1.19227776824538,0.575047080112055
1,0.440937851520232,0.380409374988933
1,0.93072863233492,-0.530031985432875
1,1.57490213274342,0.952681285465647
1,0.375915654703456,-0.667366587888802
1,-0.211068190138927,-0.878150172452524
1,-3.13143349673746,2.00583287475709
1,-0.461638525655426,1.12508589433908
1,1.32733299078235,0.174214288018735
1,0.511605404671825,-0.244814174376983
1,1.05836870083187,0.483712768950599
1,0.81330369440444,0.152924024885635
1,0.938464419871143,-0.908543434057492
1,-0.783828867194834,-0.400852848989834
1,0.000412887145871988,-0.689907966972832
1,-1.14344369470278,-0.276825337329059
1,0.673649711425084,0.711578855720699
1,1.30657721111885,0.817575343783627
1,-0.537569048312592,-0.00258481394024541
1,0.364837957538139,0.556917916964468
1,-0.907487688222311,-1.88316628202935
1,-1.89891834663148,-0.510153136914341
1,-0.75679002057792,0.0382423086550971
1,0.0551156967779169,0.492089118148101
1,0.326438590434018,-0.583784602468655
1,-0.639739556361217,-1.59460931177397
1,-1.28212334074773,0.841949836752996
1,-0.461398423154476,-0.226638069828336
1,-0.166744095497864,-1.07154842628376
1,-0.975513892682927,-0.424038305949906
1,0.15632119320809,0.463749137510566
1,0.455961186025048,-1.16135578243356
1,0.925857490045052,1.52300944806634
1,-0.218732623220695,-1.24990625554929
1,-0.459703765459524,-1.02041316310176
1,-0.679480070912004,-0.754619922472342
1,-0.282436659543502,0.299234104147033
1,0.652738733437415,0.147442101217941
1,-0.381863292163834,-0.3665067679866
1,0.73667869509765,-0.627773223817272
1,0.37082581653435,1.82725995024204
1,-0.239360148093083,0.189893479941701
1,0.107447390006058,1.10255619091164
1,0.542411025947547,0.152827241356641
1,0.276215550243286,0.344058416231635
1,1.38283435679459,1.10197963674405
1,-0.778373176709115,1.53720482926225
1,-0.135638091124749,-0.754941068573268
1,1.20551238062487,-1.76658324401059
1,-0.436163834044363,-0.035010091161275
1,1.82430731568254,1.2434326461514
1,-0.401284746657155,0.0551556038809125
1,-0.13880192894324,-0.0572168745180857
1,0.0591276312852252,0.511031213476929
1,0.506140216364744,0.199824861002664
1,2.15837372626683,-0.81953967930945
1,-2.11249696578119,-0.527801511781984
1,-0.0209921976658727,-2.93284808705582
1,-0.847053306921855,-2.9244902859646
1,1.05155216916036,0.442751431080248
1,0.129796263427101,-1.85091986337945
1,0.925619212252582,0.289104049857768
1,-0.829503960058685,0.202556972179086
1,0.97040452841636,-2.15829260136212
1,-1.09003867875882,0.749216933641454
1,-1.00344462840989,-0.439538429660846
1,1.19462153344646,0.142914902028062
1,-0.845469969312852,-0.802974588811174
1,0.0367451710784555,-0.884664408189659
1,-0.0590627537792139,-0.176217785133617
1,-0.343993201767538,-0.571707903186086
1,-1.03928202977331,-0.0991300491827509
1,0.280226929714131,0.0723994337619137
1,0.822183344057954,-0.446903886240765
1,-0.842212909346847,0.183976037098239
1,-0.0995747205271078,0.785105956970872
1,-0.243040884172843,-0.274110283671282
1,0.411090115492845,1.02510748081215
1,0.512826670110061,-0.192167945656722
1,-0.83161485518919,0.59063851438656
1,0.475324051007186,-1.9101849303711
1,-0.310120269255791,0.941844628147079
1,0.31490558319983,-1.30469538210873
1,-0.299694898925141,-0.590875029276742
1,0.0769284909918684,-1.42057590627932
1,-1.09356463622325,0.399265527067663
1,0.960182098830659,0.281331202852035
1,-0.69915995987526,1.53723925586337
1,-0.184379081196562,-0.77334719641265
1,0.188325969767869,-0.76935310152922
1,-0.126649681949475,-0.296432251816209
1,0.0386184712911461,-0.692040251931473
1,-0.972508779738556,0.311693999738997
1,2.09189398052653,1.29967842014558
1,0.8847310718896,0.514649325563985
1,-0.110820387409905,-1.02779645537676
1,0.123581281086783,-0.551791212879282
1,-1.56816763376471,-1.01392944264016
1,0.118144659614691,0.856197521479878
1,1.10314703852085,1.15772888283411
1,-1.07180774346303,0.54270898636644
1,-0.377350683568631,-1.56240372025638
1,-1.83142472945184,0.476587615703124
1,0.624416683909192,0.571617938099255
1,-1.03085467542977,-0.315954927773346
1,-3.09121673141067,0.0304299347489556
1,-0.647493016105513,-0.858360633878903
1,-1.33807228255595,-0.0241193011607967
1,-0.307023517914221,-1.319940254178
1,0.210415846050173,-0.863678756038468
1,1.05461504633302,-1.75076814610864
1,1.18563736087107,0.809972829188919
1,0.596941566547143,-0.325153317087528
1,1.05023352254553,1.75376103105167
1,-2.44797654130267,0.64754674211597
1,1.52845506427045,0.132647892960993
1,1.58029442691894,0.436514265881485
1,-0.257347305573517,0.0956406798347841
1,0.290240780557002,-0.980694539706489
1,0.202266740844258,0.0713035242583538
1,0.925120156994198,-0.911620284973696
1,0.0638797699380364,-0.0861545349645275
1,1.15016038442662,-0.40687387945707
1,-0.416213094259156,0.4165846104597
1,0.247702428816308,-0.237283650834608
1,0.679396667675701,-0.804566775691702
1,1.37329681834859,0.533122901483372
1,0.532849403555499,0.975217965188732
1,2.1906894483346,-0.108230380673926
1,-0.427271785665584,1.35606010371504
1,-0.841392783898531,0.521679184877975
1,1.39366689585564,-1.30745218220719
1,1.06966731224277,-0.552340310644099
1,0.319716524124464,-0.466045876465267
1,0.33790748493702,0.256488078142939
1,0.542923789452719,1.46490501080525
1,0.980913392870891,0.3593864987289
1,-1.72089737216676,-0.429949569798226
1,1.27787375543859,-1.42707147762925
1,0.459721922078196,-0.100163409742135
1,-1.38575090140295,0.84703410666949
1,-0.827545128708885,0.238812508800478
1,-0.887841193857914,-1.66340636337315
1,0.093153799318127,0.392886117590337
1,-1.18267747593507,0.162698904685326
1,0.561252892682063,1.01701303442973
1,-1.10090884339067,-0.39935415381973
1,-0.02460634284392,-0.944111149241465
1,-0.454614900124792,-0.394160900332764
1,0.179541232399338,-2.24918048344574
1,-0.184566776631256,-1.51249811345015
1,-0.221876881759972,-2.06372837979322
1,-0.0489018077239571,-0.0353719592683791
1,-0.233074662560002,0.494581727625231
1,0.167280502713353,0.495674852321273
1,1.35160678130998,1.34576310250173
1,-0.799665820879335,-0.789710588214781
1,-0.981258440669781,0.939386724964012
1,1.20868158907324,0.183785331461925
1,-0.27905579897536,0.212763232429675
1,-0.957006399682511,0.581735028088715
1,-1.95299514003418,0.769209235782977
1,1.02222114424364,1.11547985552507
1,1.25636332585396,0.793886961397463
1,-0.120997647231859,0.496578162853376
1,0.81887034715703,1.22794076733642
1,0.0195144121815839,0.758121846946972
1,0.0253622037794412,0.274466861187841
1,1.44292648831216,0.680790303965241
1,3.77662275848112,1.80332108007067
1,0.471293517770455,-0.400451110652103
1,0.54843430164183,2.01656359225492
1,0.504472261943579,0.988315684559705
1,-0.373886948958112,-0.919860115009054
1,-0.793034808127742,-0.661191684697498
1,-0.300890908142084,1.23709042085084
1,1.26716049530965,1.3756643962135
1,-0.776572063875456,-0.66319660047495
1,0.297154757687173,-0.193879314258941
1,-0.0892269870081192,0.413606195777919
1,-0.25647411950862,1.85679626124109
1,0.830827430329134,-0.53729286202
1,-0.381403560165453,1.23310303064477
1,0.438084019525422,-1.07308648625363
1,-0.600234772003139,-1.58277354512336
1,-1.21897219072807,0.106102601036524
1,0.789725123003358,-1.60718772234769
1,-1.18200896757662,-0.0792181807418428
1,0.00699469999043315,-0.320673249089207
1,-0.513354094848455,0.0654800302818197
1,1.56265759919117,-1.30917432087554
1,-0.587491936476251,-0.490393109482635
1,0.460478778429692,1.46912112703513
1,-0.598574381219628,1.02136631791017
1,-0.63625942976122,-1.22098448695414
1,0.128580384896443,-0.0833889613661729
1,-0.0580498546270453,0.843741828177124
1,-0.346559367374063,0.681531476957167
1,0.136097206958515,1.58151881120785
1,0.134077419157972,2.22324754804831
1,1.53810629127917,-0.713092058936001
1,1.19845583654616,-2.01007852696102
1,-0.394445700693418,-0.261875121384025
1,-0.528561718546615,0.0621662944786235
1,0.00642198140063447,1.0819566123701
1,-1.25358298905076,0.214437701191494
1,-0.688167146490795,-1.47490153520968
1,0.0687196603554442,-0.801612166712984
1,-1.39250231369203,-2.43725519788313
1,-0.272210147566041,-0.681942440501575
1,-0.125159845898883,-0.201856849319636
1,0.502380642272981,0.635617760520386
1,-1.43832212637446,-0.393303297528033
1,0.320003044838569,1.48760836898187
1,-0.209116286235331,-0.676581559150818
1,0.379301678050111,0.526846556627179
1,-0.220362401760777,1.43450851935143
1,-0.27922090289402,-0.0386647395564189
1,-0.816338187147243,1.30039570878288
1,1.96156520559252,0.224832726398445
1,-0.529934713897666,-0.879238348776501
1,-0.0338392962539684,-1.9875047992928
1,-0.56024556206411,-1.22202458664803
1,-1.39339194854566,-0.500132270239137
1,-0.761946524505871,-0.100882941993613
1,1.03984018782567,0.0949124458403686
1,-1.5590548744748,2.49408855341035
1,0.112462250016892,-1.04578985421687
1,1.0096790005215,-0.830119206691126
1,-2.04161451630177,-0.702485690141176
1,1.21750113253001,-0.617933009836521
1,1.06487296703591,0.572843795073917
1,-1.02258155263021,-0.022079111767368
1,-0.932743097455714,1.22759669155998
1,0.161756545102994,0.278862501434965
1,-3.05321994961989,0.783585713381654
1,0.556017135422345,0.146771846863138
1,1.26272112028483,-0.951036684359311
1,-0.0253895740213282,0.242795403468825
1,0.697571393124102,0.505388586934096
1,0.252514496931586,1.45333627855919
1,2.14738649666454,0.429114776915808
1,1.46850778522494,-0.325236587411185
1,-0.813530951082654,-1.01430694782548
1,-0.154022774402354,0.660450581601303
1,0.135927929561284,0.624018589162997
1,0.304576872827097,0.00874392835744742
1,-0.46648867550163,-0.983181996243086
1,-0.750744636540003,1.02884816497369
1,1.16738364339453,0.109730107364969
1,-0.31607015585863,0.326294086354028
1,2.51059461960602,-1.20428306130092
1,0.12821172503222,1.59451937862048
1,-0.565815112316796,0.316306951782263
1,-0.496710302615723,-0.679409688539737
1,1.57349840344462,-0.23865694543697
1,1.55311968882331,-0.134698240904864
1,-0.971091006068172,0.813138904819125
1,1.70795407661351,-0.171665950207102
1,0.616969041027077,-0.0255244721273434
1,-0.0118029603395551,-1.1429338694492
1,-0.110039281499237,0.100938940972711
1,0.159551842627858,0.217676654960075
1,0.102825512899326,-0.531222760258779
1,0.310916948304596,0.42412331906027
1,-1.07800356701951,2.35644260874941
1,3.32656480761948,-1.72816768972803
1,1.61420563451534,-0.928508583717048
1,-1.04756138836621,-0.0813152326050937
1,-1.00071845778089,-0.616409155685832
1,0.924318951667072,0.668245350798868
1,0.0347514839743756,0.559563218948656
1,0.60356109999706,-0.76608320014457
1,0.904777094612194,0.625185300301632
1,0.273505825657011,0.0434112171343332
1,0.737937135214501,1.03784976623441
1,0.0422303336641159,1.60219496550968
1,0.0423312939384352,-0.0307398895871538
1,0.286201591804839,0.811960378451515
1,-1.26065458069276,1.04874996214495
1,0.592277255478819,-1.02286821252396
1,-0.457921896128736,0.0440325460458778
1,0.0283898277008754,0.0148132547932572
1,-0.493847161177334,-0.00266231021891256
1,0.685780127264832,-0.778047797765794
1,-0.00845577128193234,-0.459570759097711
1,0.535551547341134,-0.294798929874809
1,-0.18451011700192,0.530985406185982
1,-0.0286874326373303,0.39353959150648
1,0.184385223686861,0.207945568645015
1,-0.452721368883783,0.563886299193354
1,-0.93767191539663,2.12968120238251
1,-1.36658276171274,0.595459450241312
1,-1.13886030877938,1.73044536548874
1,1.00409216915162,1.20646672891294
1,0.407937070640694,0.0163494354718867
1,0.41979760157569,0.481185838515393
1,0.99153793972968,-2.06088569582042
1,-0.773191909430334,-0.0168480733098547
1,0.0357486228346872,-0.846718769373903
1,-1.50521268843475,0.464923774804103
1,-1.11010782910092,0.992917609268353
1,0.9627000420747,0.894543197544955
1,-0.0781644454026686,-1.06627016726679
1,1.38068806650316,0.414199452640937
1,2.3163949375153,0.705523134602451
1,-0.219127092619403,-1.11728589676163
1,-0.911849432187782,0.337892383141244
1,1.8573921952064,-0.288690612653738
1,-0.544734714200126,-0.829687760368763
1,1.04007383530757,-2.56659259328314
1,-0.296835624793412,0.494725013933292
1,-2.16773900324574,0.295188175700861
1,0.782921718782177,-1.47139910397707
1,0.905652070086199,0.163768846584624
1,-1.42040957578723,-0.569201861769971
1,2.89512486599223,1.17934656335289
1,1.42795076401173,-1.60011192432926
1,-0.428804074493995,-1.00314843271854
1,-2.20850924973114,0.215155348707951
1,-1.14681721444411,1.30327099429836
1,-0.29931705611836,-1.07659833225733
1,1.62917110065724,0.237078160728313
1,-0.902921593281161,0.555203810005564
1,0.53028375382716,-1.25159121181583
1,-0.0420597493667735,0.167633523263902
1,-1.33180767740889,-0.27497231775678
1,-1.06003171537175,0.178179117957406
1,2.13233649656989,-0.362056094460683
1,1.9454226176393,-0.0355690982879153
1,0.280048002273733,-1.12888307399003
1,2.31530309755609,-0.104200723297855
1,0.753699163257284,-0.267626088999318
1,0.422783332775871,-1.33948689186943
1,-0.595861768308374,-0.327769219841355
1,0.759531971991581,1.34301809234414
1,-1.08833622469693,0.784863975410916
1,0.815368000612327,-0.250665093301219
1,-0.854377410669344,-0.717835687874051
1,0.220067784274837,1.76261116548125
1,-0.156120183464716,-1.53772881289892
1,-1.23180622556805,-0.174741847757569
1,0.575898209101278,0.125024059298499
1,-0.541280656434739,-1.04860172499711
1,1.49674339012544,-0.88798789852302
1,-1.23167820951044,-1.32716288570331
1,1.35419532318297,-2.23510224966877
1,-2.00052648289509,0.185943385652926
1,0.776406564871232,1.62876943251932
1,-2.47302585603606,0.526414851902124
1,0.384997706948554,-0.405466212088975
1,1.02750630302903,0.147867057799404
1,0.690811311660428,-0.0669500609368702
1,0.378813210457684,1.0924510369129
1,0.489612476942986,0.620975128862555
1,0.0306970623628571,2.08697438609791
1,-0.429087496049881,0.43027589884032
1,0.175078568017434,0.372338038060763
1,-0.146701721317524,-1.16367149417148
1,0.116322844257226,-2.0438110990239
1,0.781031241617748,0.737333546459842
1,-0.347291661794983,0.348444430716767
1,-1.45714212520139,-0.164463357208108
1,0.55645092487131,1.27232397868781
1,-1.31335278175411,0.409612582942484
1,-0.92936756264125,0.09288003766145
1,1.09137349426998,1.15803156590035
1,0.373468482611192,-0.0157020755867841
1,0.190440041099669,1.44042081032779
1,-1.01052870924333,0.594153478100495
1,-0.825750414104128,0.660456241191645
1,-0.326077426135781,-3.22182455325848
1,-2.17965509797039,-1.93287607036039
1,0.938656464910283,1.32375340186514
1,1.9148786488726,-1.13751944826363
1,-0.648601744139284,2.76260490463882
1,-2.12392842144488,0.000744683126228923
1,-1.0687643058155,0.271590040669846
1,-0.039716574967253,0.704533817556099
1,1.05393943251143,0.945586234949833
1,1.17597619193519,-0.524379553727897
1,0.407720691227326,-1.10033672050666
1,-0.111090528197151,-0.5538541810891
1,-0.271436744674138,-0.219276340527479
1,1.48127800214361,-1.51480557014788
1,-1.13592954042372,0.243535088379776
1,0.587524054563254,-0.283382226672878
1,0.49875869179561,-0.296973548536365
1,0.804259718233572,-0.132639550908388
1,2.65416967132378,-1.60843124420399
1,2.0195115351803,-1.11408010629395
1,-0.281010337191529,0.84395233799461
1,1.76543198466413,1.85835135196326
1,-1.36687887768372,-0.453395401551249
1,-0.320460969625043,1.24971551956207
1,1.64714381688022,0.954911497425885
1,1.78491553686484,0.124094407077615
1,-0.81180734531089,0.196738768899445
1,-0.627046049441074,-0.285235742061264
1,0.0587319929269618,-1.08409515277983
1,-1.01241277248841,0.0917701330049133
1,-0.896227830470944,-1.20189761819764
1,1.48349711286189,-0.64675186066421
1,-0.33081346222274,0.534929111625985
1,-0.047365465638813,0.901655511001535
1,-0.0258897937789675,0.717306759401995
1,-0.0968081596304774,-0.806307235770768
1,1.51857116529058,0.659422025337631
1,1.68387457228438,-0.0872917662064457
1,0.25019823728148,-1.30368330979455
1,0.252199273426253,0.591789006916337
1,-0.169179172891734,0.746316674491887
1,0.938581657298664,0.883403160032112
1,-0.331546692228004,0.223200885954008
1,1.20118903224047,-0.207325617620008
1,1.08862872644138,-1.20371929701487
1,0.072735127130154,1.2731473353036
1,1.10418552600472,-0.794617203760363
1,0.905809746937684,-1.85661228938639
1,-0.271937471468711,-1.84946193585878
1,0.991934108271832,0.259855266991481
1,-0.16940295211744,-0.842520163433355
1,-0.971133264498068,-0.307025217911288
1,-0.176175979575586,-1.11815605838456
1,-0.722376898829762,0.0586504877614273
1,0.335701661299619,1.19279895805122
1,2.37992055322105,-0.569579481590417
1,1.63220036847817,0.358548841409224
1,-1.5072956942626,0.32554119303054
1,-0.244766240050735,-1.3938137118342
1,-0.663474209938117,-1.73337249096338
1,-1.78519614239979,-0.361698176604311
1,-0.064675247339483,0.283159924959518
1,1.25567910270548,-0.133497928813812
1,1.74182461363301,-2.38567012332515
1,-0.377239847541005,-1.10863152071032
1,-0.168045424421586,1.74017606522734
1,1.28230706268904,2.18611398441805
1,-1.2867089788079,1.02471705721472
1,1.85997200420701,-3.41517385651708
1,-0.591403036363741,0.0710082973468484
1,-1.21525692569027,0.957418369409521
1,-1.23558987356119,1.87232396616916
1,-0.0416163966392646,-0.232817362372446
1,0.910769857556025,0.508456839899901
1,0.577588412062321,-0.273120018887727
1,0.655550382831204,-0.107197604418369
1,0.158070304051168,0.192371257091182
1,0.41504514848559,-0.249654486310586
1,0.155683122708554,0.524196464895186
1,-1.28423336839586,0.0303875777678909
1,1.58194180934753,0.529895826115119
1,0.00791968551053342,-0.05415468808787
1,0.621417205047202,-0.101668114261687
1,-0.558479072953523,-0.827515015970333
1,0.736202045455435,-0.463059533486213
1,-0.581530135492727,1.01089565416987
1,1.75298404995818,0.84824165045548
1,-2.11590256265075,-0.0241392165891751
1,0.658509751619889,-1.01098020256937
1,-2.0233691761708,-0.0444174149426314
1,-1.20161815989296,1.39375835785589
1,-0.992952095838673,0.717191936200721
1,-0.483423801901466,0.741890072987845
1,-0.370781182152988,0.00332224094327589
1,-0.453495494828688,0.621613392232941
1,0.703733094158354,-0.252620220974259
1,-0.433290094803895,1.32915971183061
1,-1.00867344887865,1.5340598631271
1,-0.725161127573963,-0.798045421481395
1,-1.39379426687884,2.11647865805728
1,0.373212705216878,-0.370154615074613
1,2.08712595006229,-0.33406315514477
1,-0.815010545658732,1.01683071049201
1,-0.818662058742238,-0.549897914356954
1,-0.553614396784797,-0.514721916395465
1,-1.3168939764604,0.107957917384305
1,2.16383617387575,1.77693778339397
1,-0.0193137817827771,1.34783885281403
1,-1.42290704298469,-0.960577318465265
1,-1.5595987299795,0.193849456019718
1,-0.490467905742479,0.535248461682013
1,-1.59455720047796,-1.09340729618436
1,-1.69555707041364,-1.46100495331973
1,0.436485119499036,0.80532273214292
1,2.64891218877715,-1.23284740428868
1,-0.626807849717634,1.91819377200861
1,0.527384392644592,1.33134851912703
1,-0.329527186775088,0.070500751301518
1,-0.567691025295142,1.19015067545788
1,0.36060124398988,-0.0298041463236003
1,-0.86439941530262,0.231120933727298
1,-0.13407087453243,-1.15315968581228
1,-0.143744970665425,0.53090321920423
1,0.200847278010491,-0.25017392677495
1,0.987723449177733,1.05318320720035
1,-0.881475571710684,0.0342425629151106
1,0.700589389542111,1.67651394315605
1,0.710520915069209,-0.34843359192096
1,-0.313203152017206,0.354742950934633
1,-0.160510692715892,-0.652904751251782
1,-0.75386689598469,-0.00180941214870085
1,-1.2006534724305,-0.236166711610381
1,0.127438394930655,1.16036464828414
1,-0.45846111871608,-1.36853631843454
1,0.680188329448319,-0.519335662348041
1,-0.316402333050074,-2.13197243261513
1,1.03681282188148,0.396485890259899
1,0.567168306616094,0.164729661165156
1,-0.4473344139069,0.814399115726768
1,0.487860672621098,-1.29119583492902
1,-0.591360042433917,0.853112886796981
1,1.56422517598642,-0.209151583436192
1,2.80954662056041,-1.30896442120684
1,-0.00787875954744385,0.983936255560747
1,-1.08500757746174,-0.306383905836124
1,1.28176661937602,1.03111733538329
1,0.63776817229304,0.418325803433197
1,0.519443801001955,-1.11015701078196
1,0.0678245854526851,-0.957198763742906
1,0.0992193309733224,1.26753708919241
1,0.746943417500669,0.448286233669193
1,-0.610860601523455,-0.0996566895224704
1,-1.45140935210375,-1.15875200556939
1,-0.638491742818959,1.6996518509
1,-2.00590932574953,-0.385625274466318
1,-1.44310022826785,-1.29684099360359
1,0.482724890916727,1.00972017555615
1,1.68324629587093,0.117230088428353
1,1.31638189619372,-0.763017725988678
1,1.45760105684816,-0.06155095058552
1,-0.0962309594968888,0.519906751983471
1,0.851862299564168,1.22998545303061
1,1.00028758100673,-0.137811009804698
1,2.24733748523333,-1.07981313187036
1,0.00822514191002889,-1.22216093806196
1,-1.49881593983111,-0.564134927636293
1,1.90480395723977,0.107894771317099
1,-0.333852582713771,-0.777288319298192
1,0.103917675338973,0.834013680033679
1,-1.52881899408112,-1.79266141714814
1,0.664035671575923,0.930084587775544
1,-0.183951339753965,-0.859355551465819
1,-2.73409416572525,0.517401136518881
1,-1.70956403222618,-1.25861215447202
1,1.74744606962405,0.134695656072085
1,0.21099589681761,-0.256559086811072
1,-0.0603250447953575,-0.672776938229878
1,0.0829413860226086,0.842865850389369
1,-0.703041783052268,0.965185443042125
1,-0.248484382085934,-0.107384838724716
1,0.415805216623773,-0.425978954203345
1,0.231746813797541,-0.941657179431179
1,-1.71646883397902,-0.387055982178018
1,0.170911218902086,-1.77549157797196
1,0.317357764190812,1.0073293011585
1,-0.927107111865523,1.8409329886057
1,0.476705562855592,0.80337509613297
1,1.01750206162115,1.7378119785351
1,-1.59653284820758,1.18052198712835
1,-0.392722495467997,0.888536960799908
1,2.50965751985499,0.780357242827142
1,-0.881827151620765,-0.305670133314707
1,-0.435732920257324,-0.396115847965766
1,-0.11600475637792,0.839151022500935
1,-0.781864758741447,-2.45057940681589
1,0.968823470472749,-1.57175226863735
1,-0.500858899957372,-0.234481995444993
1,1.46721222082938,0.285472795168659
1,-0.0959449375275239,-0.883294934246423
1,0.452099897928341,-0.457315620060907
1,-0.69571926469424,1.49259814346487
1,1.3116345726589,-2.40471901977595
1,-1.24252255070923,0.685165999624016
1,2.05073081793976,-0.309445608537666
1,0.467504175623645,-1.36029067279033
1,0.654566201509232,0.197776987863271
1,0.128487166722172,-0.535818681587962
1,0.147730244747172,-1.16060178688212
1,0.672618576270837,-1.37721963987912
1,0.420447017816806,-0.0705758447338552
1,-0.166787514106778,-1.7228265334417
1,1.83192378961257,1.68197432894653
1,-2.68690587870634,-1.01358895536554
1,1.21881276006941,-0.0511419417947742
1,1.01257737035052,0.231368886616629
1,-1.03654297504897,-0.494152980619842
1,0.161414416210656,-1.69758875764713
1,-0.564052564010165,-0.361930852277198
1,0.567148669883516,2.03817730193911
1,0.935485544984818,-0.580270409155883
1,0.145882524272464,-0.261740423801666
1,1.01054413070087,-0.147552135751643
1,-1.42427971538756,-1.35935213188826
1,-0.603615452620444,0.576587488290955
1,0.218826969710517,0.526859670139425
1,1.41347403931275,-0.505244800342268
1,-0.836204991475848,-0.962216142033097
1,1.45512880641692,-0.766538732004342
1,0.5054312514168,-0.0248712088908086
1,-0.907342652355654,1.66382825643621
1,1.24186128018755,0.408604893876221
1,0.0752523976348643,0.739295842732667
1,-0.506786057384463,1.48377097861235
1,-0.148648269360136,0.644495279993674
1,0.0685862372682884,-0.922032972894747
1,-0.75397848491281,0.136869170985623
1,-0.471329787134767,-0.676223572126556
1,0.822056177225669,0.115423612231326
1,-0.889350267281815,0.231886410593395
1,0.406437166354433,1.67915942770216
1,1.19588429590911,1.75835655517826
1,0.302473286548837,0.957845908290983
1,-2.9260194792298,0.32100095447907
1,-1.00436077054526,1.14748653589609
1,-1.84995659069514,0.827062532189801
1,1.04959637925814,-0.316661577048793
1,1.14526322863017,0.437458665286445
1,0.105162855088708,-0.508918097505228
1,-1.07603087238532,0.535739474785139
1,0.200092319601262,-0.0306386145359151
1,1.3215988172467,-0.0491334752103275
1,0.210036241992254,0.182269680692717
1,1.44557134009536,2.06345247107175
1,1.51667481353212,-0.312914629636805
1,0.637768772432089,0.99243322343981
1,1.23630407685982,0.249333615597917
1,1.58569979381852,-1.92526322676932
1,1.37511585939954,-0.853349800338996
1,0.217183577665738,0.620727405681547
1,1.27391146961262,1.58016815497779
1,0.485655643453281,0.759529958169468
1,0.136361592473061,-0.406508030858041
1,-0.263445855930503,-0.0594750192932282
1,0.0280007330721585,0.778632395094403
1,0.975196377961366,-0.420454212157345
1,-0.60190294598303,1.69656530240147
1,-0.896865835459156,-0.7112333569976
1,0.208864215599903,-1.03636863649037
1,-0.131248484099046,-1.0730581578292
1,0.134105255878838,-0.999572267297062
1,0.125586586353833,0.153999003181112
1,0.149321647200272,-0.605060068696567
1,0.433425993055328,1.18969441379046
1,2.40580732964,-0.289099557160762
1,-0.932760448449502,0.325598287149577
