1,1,1
2,1,1
3,1,1
4,1,1
5,1,1
6,1,1
7,1,1
8,1,1
9,1,1
10,1,1
11,1,1
12,1,1
13,1,1
14,1,1
15,1,1
16,1,1
17,1,1
18,1,1
19,1,1
20,1,1
21,1,1
22,1,1
23,1,1
24,1,1
25,1,1
26,1,1
27,1,1
28,1,1
29,1,1
30,1,1
31,1,1
32,1,1
33,1,1
34,1,1
35,1,1
36,1,1
37,1,1
38,1,1
39,1,1
40,1,1
41,1,1
42,1,1
43,1,1
44,1,1
45,1,1
46,1,1
47,1,1
48,1,1
49,1,1
50,1,1
1,2,16.507438616158
2,2,39.6488825819095
3,2,1.45959216113996
4,2,27.9241972574479
5,2,-20.4249209631429
6,2,11.8008406538348
7,2,-7.74804302092853
8,2,21.6358948556342
9,2,-14.3172661062109
10,2,44.6647454944273
11,2,-32.5873323658629
12,2,-28.8075462837078
13,2,0.709142559193539
14,2,1.71380154217236
15,2,10.0528362645255
16,2,-10.3289203293313
17,2,-9.96706473138343
18,2,17.1870801840945
19,2,1.99491231576848
20,2,10.4161623493776
21,2,6.21765733059706
22,2,-7.93568979848551
23,2,5.35191868910356
24,2,-3.5780087991732
25,2,-15.9576083325773
26,2,7.82821767544166
27,2,-0.223395861300354
28,2,-17.6136449707189
29,2,12.495010262398
30,2,14.0918785083351
31,2,-19.2130584569616
32,2,19.7585952667881
33,2,8.10843817375775
34,2,-15.4361314308136
35,2,27.8300239784756
36,2,1.7949021728047
37,2,-30.5681975567329
38,2,4.21599996753122
39,2,17.6361777381367
40,2,16.6875678288211
41,2,-26.230594419703
42,2,25.8245355293107
43,2,10.7320287615882
44,2,-5.26705385726426
45,2,17.5756055241573
46,2,5.34567012547095
47,2,18.7782081055619
48,2,10.7313316054875
49,2,19.4023051460306
50,2,27.1034531652577
51,3,1
52,3,1
53,3,1
54,3,1
55,3,1
56,3,1
57,3,1
58,3,1
59,3,1
60,3,1
61,3,1
62,3,1
63,3,1
64,3,1
65,3,1
66,3,1
67,3,1
68,3,1
69,3,1
70,3,1
71,3,1
72,3,1
73,3,1
74,3,1
75,3,1
76,3,1
77,3,1
78,3,1
79,3,1
80,3,1
81,3,1
82,3,1
83,3,1
84,3,1
85,3,1
86,3,1
87,3,1
88,3,1
89,3,1
90,3,1
91,3,1
92,3,1
93,3,1
94,3,1
95,3,1
96,3,1
97,3,1
98,3,1
99,3,1
100,3,1
51,4,12.0956263772693
52,4,11.4449828043232
53,4,-25.7816519585888
54,4,-29.4593771678512
55,4,-3.59692295349669
56,4,36.857977178417
57,4,-20.3135551064629
58,4,36.3678187824816
59,4,-17.1190507548502
60,4,47.4031084179792
61,4,-13.4057222643982
62,4,4.66976264195452
63,4,-5.91735619428461
64,4,-27.6615406924393
65,4,20.7823968912115
66,4,-25.5036629014582
67,4,20.919313879257
68,4,27.5352500101384
69,4,0.479080807195535
70,4,-32.4422918976412
71,4,19.965879078177
72,4,18.3566858751501
73,4,-13.1405619661735
74,4,-11.6620843700856
75,4,-6.93981710430021
76,4,17.5637425101118
77,4,8.40478264686607
78,4,9.79317568930001
79,4,1.50006513158545
80,4,19.0835228836059
81,4,-39.5908126532898
82,4,2.9833790721803
83,4,16.4691072229069
84,4,12.6556163015344
85,4,19.0029451511071
86,4,-9.55094931454197
87,4,-24.1847331404908
88,4,3.94594400803717
89,4,-20.4367221386326
90,4,-10.5618436260584
91,4,24.7029001263301
92,4,-22.5770055107259
93,4,-4.85621815832131
94,4,4.64363554934496
95,4,26.4522930636804
96,4,-13.5512166044296
97,4,-10.4177501748025
98,4,-22.3306526585059
99,4,44.3553309013779
100,4,9.52374020501954
101,5,1
102,5,1
103,5,1
104,5,1
105,5,1
106,5,1
107,5,1
108,5,1
109,5,1
110,5,1
111,5,1
112,5,1
113,5,1
114,5,1
115,5,1
116,5,1
117,5,1
118,5,1
119,5,1
120,5,1
121,5,1
122,5,1
123,5,1
124,5,1
125,5,1
126,5,1
127,5,1
128,5,1
129,5,1
130,5,1
131,5,1
132,5,1
133,5,1
134,5,1
135,5,1
136,5,1
137,5,1
138,5,1
139,5,1
140,5,1
141,5,1
142,5,1
143,5,1
144,5,1
145,5,1
146,5,1
147,5,1
148,5,1
149,5,1
150,5,1
101,6,27.1887392600471
102,6,20.6761441309164
103,6,1.60553785511676
104,6,-23.4718570080065
105,6,28.7934235813782
106,6,0.239023510936901
107,6,-32.6310508658868
108,6,-12.3953111646097
109,6,-8.89421693751082
110,6,-10.326285722061
111,6,-3.64300998698412
112,6,3.46731166964243
113,6,25.7447684157042
114,6,6.36958744504733
115,6,-44.7101766225056
116,6,-1.80154155012741
117,6,-18.4876204134862
118,6,-19.4621798539341
119,6,7.38215221768539
120,6,3.77647818293531
121,6,23.1340826659474
122,6,-1.13898806892238
123,6,3.72309104692331
124,6,16.0087118255599
125,6,-7.35084581127056
126,6,22.1699617428593
127,6,26.996000052323
128,6,-27.5343106351529
129,6,-8.51617432133762
130,6,-30.6633517001958
131,6,-3.71895768380138
132,6,-20.6773302558423
133,6,8.23592029968566
134,6,2.35294880237238
135,6,-4.6329503273602
136,6,31.8179313300362
137,6,-3.02543159498319
138,6,-8.72471144401134
139,6,-5.35632031555879
140,6,20.7364976025588
141,6,-22.3631367860737
142,6,38.3259952045866
143,6,-33.1066481533329
144,6,-21.8968232309448
145,6,-20.3131827635238
146,6,-18.4632961892698
147,6,36.1079279749947
148,6,34.332281214188
149,6,3.80362052910717
150,6,11.8409534668837
151,7,1
152,7,1
153,7,1
154,7,1
155,7,1
156,7,1
157,7,1
158,7,1
159,7,1
160,7,1
161,7,1
162,7,1
163,7,1
164,7,1
165,7,1
166,7,1
167,7,1
168,7,1
169,7,1
170,7,1
171,7,1
172,7,1
173,7,1
174,7,1
175,7,1
176,7,1
177,7,1
178,7,1
179,7,1
180,7,1
181,7,1
182,7,1
183,7,1
184,7,1
185,7,1
186,7,1
187,7,1
188,7,1
189,7,1
190,7,1
191,7,1
192,7,1
193,7,1
194,7,1
195,7,1
196,7,1
197,7,1
198,7,1
199,7,1
200,7,1
151,8,-17.227132039438
152,8,1.44152361583513
153,8,42.0862420630004
154,8,-39.4025355402298
155,8,27.6528898372025
156,8,-12.2086233298252
157,8,-18.4119167608201
158,8,12.5968896427502
159,8,-21.660150402976
160,8,33.5626520258175
161,8,-15.6046230912149
162,8,-22.1076930183455
163,8,-9.23160531347208
164,8,-21.7372156489144
165,8,14.9244918681194
166,8,7.66621008231582
167,8,11.5376282893462
168,8,52.0088919423814
169,8,-37.8595501693088
170,8,19.8126630231306
171,8,24.476636847757
172,8,-9.14160473931548
173,8,-17.7431647766153
174,8,-24.0188434915753
175,8,-7.95555492818316
176,8,6.99311571601031
177,8,32.0247729096206
178,8,-19.4451509235416
179,8,5.7547945502576
180,8,-40.9637727012051
181,8,-5.89263176618424
182,8,7.34885706863627
183,8,21.4643000366774
184,8,-38.2427613502091
185,8,53.7689951076997
186,8,-8.83072122601113
187,8,-20.3083562742929
188,8,-13.962367287185
189,8,18.5293079323687
190,8,22.2023038881694
191,8,-8.72292224910301
192,8,-33.4163014639573
193,8,34.7616832285324
194,8,13.9036906175063
195,8,1.11142462099192
196,8,-3.3687525590858
197,8,12.1724092254101
198,8,-33.8946718462754
199,8,-42.5287797523281
200,8,-18.8781860763814
201,9,1
202,9,1
203,9,1
204,9,1
205,9,1
206,9,1
207,9,1
208,9,1
209,9,1
210,9,1
211,9,1
212,9,1
213,9,1
214,9,1
215,9,1
216,9,1
217,9,1
218,9,1
219,9,1
220,9,1
221,9,1
222,9,1
223,9,1
224,9,1
225,9,1
226,9,1
227,9,1
228,9,1
229,9,1
230,9,1
231,9,1
232,9,1
233,9,1
234,9,1
235,9,1
236,9,1
237,9,1
238,9,1
239,9,1
240,9,1
241,9,1
242,9,1
243,9,1
244,9,1
245,9,1
246,9,1
247,9,1
248,9,1
249,9,1
250,9,1
201,10,16.3077124595662
202,10,15.001171769304
203,10,12.7176499697572
204,10,-0.549156299330682
205,10,8.45490515734178
206,10,-11.8591048598726
207,10,-18.1039415600018
208,10,-2.69305193906528
209,10,7.22791978389112
210,10,5.57607563279789
211,10,22.5011072808379
212,10,11.3871262964881
213,10,0.852106776086653
214,10,2.98009929362732
215,10,25.5919757559821
216,10,56.0935644708731
217,10,12.4902443594381
218,10,6.03177522582537
219,10,16.1393934381656
220,10,-10.436593494708
221,10,-5.73931980949372
222,10,5.78701668240011
223,10,5.11247287457546
224,10,-0.213288832929637
225,10,-4.30953592404015
226,10,-31.2327621649851
227,10,38.4644697712223
228,10,-7.040184207805
229,10,-5.50155800183692
230,10,32.0880935187393
231,10,-20.1086378362634
232,10,-21.8281311091515
233,10,-40.3201657709132
234,10,12.9649705176774
235,10,-9.06997904524229
236,10,-28.2889601564242
237,10,-35.3907833077174
238,10,-4.17116368217416
239,10,-12.7232882244923
240,10,-6.51044769767057
241,10,9.62866004414411
242,10,-15.164076364952
243,10,6.62694019904596
244,10,-29.6065363540729
245,10,-1.82962888732461
246,10,-22.7599121589217
247,10,16.2106718155801
248,10,19.4711724074481
249,10,-10.680085474002
250,10,-16.8699058256652
251,11,1
252,11,1
253,11,1
254,11,1
255,11,1
256,11,1
257,11,1
258,11,1
259,11,1
260,11,1
261,11,1
262,11,1
263,11,1
264,11,1
265,11,1
266,11,1
267,11,1
268,11,1
269,11,1
270,11,1
271,11,1
272,11,1
273,11,1
274,11,1
275,11,1
276,11,1
277,11,1
278,11,1
279,11,1
280,11,1
281,11,1
282,11,1
283,11,1
284,11,1
285,11,1
286,11,1
287,11,1
288,11,1
289,11,1
290,11,1
291,11,1
292,11,1
293,11,1
294,11,1
295,11,1
296,11,1
297,11,1
298,11,1
299,11,1
300,11,1
251,12,-35.4772708840314
252,12,-14.5966626660446
253,12,-20.4317324151306
254,12,-1.34487669331393
255,12,13.7304949267287
256,12,-29.8067635944261
257,12,-22.0855276550454
258,12,12.2710598131989
259,12,-15.464355555502
260,12,9.30253400110972
261,12,-11.9237743930916
262,12,-24.4121417840849
263,12,8.38283431356843
264,12,16.0986138751656
265,12,-27.5588891456649
266,12,-21.6359000459299
267,12,-8.20411367193989
268,12,-3.21078669821135
269,12,-6.35275327289819
270,12,15.3698803269143
271,12,-13.8735184331902
272,12,-27.4956333435296
273,12,29.7775220226101
274,12,13.7166155264976
275,12,-3.88393005302406
276,12,24.4366291488811
277,12,23.1995221438566
278,12,-18.9249462936809
279,12,33.8341910886895
280,12,-0.103231879323307
281,12,33.9620825288704
282,12,-44.2112752198633
283,12,19.4607833961119
284,12,-26.0786947541019
285,12,4.41685497795031
286,12,-12.7968834686102
287,12,1.32494477287667
288,12,28.8976612352898
289,12,-12.4838088347039
290,12,5.87936775124627
291,12,38.7766302776462
292,12,22.4966047520435
293,12,8.21110930392775
294,12,6.30634235506573
295,12,10.7949681034373
296,12,20.7327259237408
297,12,4.08313004017298
298,12,9.25395288228285
299,12,16.4833451375052
300,12,-23.3852477140746
301,13,1
302,13,1
303,13,1
304,13,1
305,13,1
306,13,1
307,13,1
308,13,1
309,13,1
310,13,1
311,13,1
312,13,1
313,13,1
314,13,1
315,13,1
316,13,1
317,13,1
318,13,1
319,13,1
320,13,1
321,13,1
322,13,1
323,13,1
324,13,1
325,13,1
326,13,1
327,13,1
328,13,1
329,13,1
330,13,1
331,13,1
332,13,1
333,13,1
334,13,1
335,13,1
336,13,1
337,13,1
338,13,1
339,13,1
340,13,1
341,13,1
342,13,1
343,13,1
344,13,1
345,13,1
346,13,1
347,13,1
348,13,1
349,13,1
350,13,1
301,14,-4.0309876896714
302,14,-3.6272260260651
303,14,-8.03325968853117
304,14,-0.780828702136161
305,14,-4.5359387841004
306,14,11.9957874353047
307,14,12.2912440027814
308,14,26.5627539365902
309,14,-1.80797977632175
310,14,1.55373777755973
311,14,-14.620341749713
312,14,-14.6539079279936
313,14,0.283375632348633
314,14,22.4793208416156
315,14,-13.5389493758752
316,14,-14.9425112462347
317,14,36.1416094795848
318,14,-31.0643844203959
319,14,15.934419027011
320,14,-5.95745027786206
321,14,-15.0179235027298
322,14,-31.2426821991674
323,14,12.59949759653
324,14,24.3594097435134
325,14,16.7511661808015
326,14,-6.30216378364497
327,14,2.14147040193794
328,14,-17.0294669269581
329,14,15.8702652161631
330,14,-15.873367201579
331,14,-6.37725141535317
332,14,29.7909263962839
333,14,-4.08453571854559
334,14,13.9540413802295
335,14,68.1845296881809
336,14,13.6751308349229
337,14,7.87958179611889
338,14,17.3400097191008
339,14,-13.9237225401958
340,14,-19.6228310670671
341,14,-8.39391536108225
342,14,-42.5716947204503
343,14,-8.42756519165682
344,14,-17.8283466280379
345,14,14.6220809582491
346,14,7.6201207438285
347,14,-34.5317438311076
348,14,-37.9203161568818
349,14,50.9090423046117
350,14,5.19006936196717
351,15,1
352,15,1
353,15,1
354,15,1
355,15,1
356,15,1
357,15,1
358,15,1
359,15,1
360,15,1
361,15,1
362,15,1
363,15,1
364,15,1
365,15,1
366,15,1
367,15,1
368,15,1
369,15,1
370,15,1
371,15,1
372,15,1
373,15,1
374,15,1
375,15,1
376,15,1
377,15,1
378,15,1
379,15,1
380,15,1
381,15,1
382,15,1
383,15,1
384,15,1
385,15,1
386,15,1
387,15,1
388,15,1
389,15,1
390,15,1
391,15,1
392,15,1
393,15,1
394,15,1
395,15,1
396,15,1
397,15,1
398,15,1
399,15,1
400,15,1
351,16,10.8575310455922
352,16,39.5263188013917
353,16,-11.7699699304556
354,16,18.1080829472012
355,16,-4.37469764843379
356,16,-10.6011636814467
357,16,14.1416244644825
358,16,-6.61794584100099
359,16,9.55145764232378
360,16,-21.4309144856788
361,16,-7.49745692232521
362,16,16.3486783602406
363,16,9.59057387911353
364,16,-25.9159843911631
365,16,12.9036573215484
366,16,4.97114946516579
367,16,35.00456911638
368,16,41.2092209664817
369,16,14.6153828964911
370,16,19.4635659668158
371,16,12.1493366868388
372,16,-10.5085201971287
373,16,4.98578221015478
374,16,-1.29830213086828
375,16,1.94133493944478
376,16,-5.10177622622591
377,16,6.65171206218649
378,16,-11.0474539598655
379,16,-7.44218568239886
380,16,18.432933428784
381,16,54.4319366471944
382,16,23.613971318623
383,16,9.53361205599775
384,16,-6.28813239866242
385,16,39.8295717662365
386,16,-16.3552242846612
387,16,-13.3565724183461
388,16,-0.693074826990777
389,16,-1.71503775949552
390,16,6.73600223139738
391,16,-14.6346236639406
392,16,23.6203082213002
393,16,9.84770626097832
394,16,7.7058581640781
395,16,14.4413875238166
396,16,-7.06792304495107
397,16,-12.1190988948078
398,16,2.66793708593659
399,16,3.98468397342118
400,16,-5.87913854661283
401,17,1
402,17,1
403,17,1
404,17,1
405,17,1
406,17,1
407,17,1
408,17,1
409,17,1
410,17,1
411,17,1
412,17,1
413,17,1
414,17,1
415,17,1
416,17,1
417,17,1
418,17,1
419,17,1
420,17,1
421,17,1
422,17,1
423,17,1
424,17,1
425,17,1
426,17,1
427,17,1
428,17,1
429,17,1
430,17,1
431,17,1
432,17,1
433,17,1
434,17,1
435,17,1
436,17,1
437,17,1
438,17,1
439,17,1
440,17,1
441,17,1
442,17,1
443,17,1
444,17,1
445,17,1
446,17,1
447,17,1
448,17,1
449,17,1
450,17,1
401,18,23.8113337291943
402,18,-3.77285249725717
403,18,-19.3883486232469
404,18,3.21691832465354
405,18,12.3408770512664
406,18,-26.0543366589481
407,18,-22.2471818699805
408,18,3.04525763974886
409,18,-6.56272335774888
410,18,4.76715010230186
411,18,-7.92369123265779
412,18,12.0375788614488
413,18,-23.3586234886476
414,18,10.4030617939127
415,18,-2.27686081083282
416,18,23.2780105009607
417,18,32.2958999281647
418,18,-4.62949630230899
419,18,-8.20848972752406
420,18,-10.6740388447034
421,18,-12.3254892621004
422,18,18.7091056232891
423,18,1.20763618893665
424,18,26.4110951404991
425,18,-6.72362087662019
426,18,-13.6929215430044
427,18,7.81747160205433
428,18,-41.2503550561282
429,18,6.30016524852797
430,18,-4.16900701714677
431,18,-2.14271097844431
432,18,-19.4077529848411
433,18,3.50117641899626
434,18,-5.85872970848052
435,18,-36.6679503559791
436,18,14.3639420219275
437,18,-8.00569460356048
438,18,-7.15411230100253
439,18,-12.9265580289204
440,18,-17.8285672928926
441,18,-5.49238391692692
442,18,31.2447622434767
443,18,14.5024872904886
444,18,-10.5721159444736
445,18,20.6133215134533
446,18,-0.841405435264671
447,18,-11.1162854733877
448,18,-20.6373596429108
449,18,3.54013546196674
450,18,14.1655741622603
451,19,1
452,19,1
453,19,1
454,19,1
455,19,1
456,19,1
457,19,1
458,19,1
459,19,1
460,19,1
461,19,1
462,19,1
463,19,1
464,19,1
465,19,1
466,19,1
467,19,1
468,19,1
469,19,1
470,19,1
471,19,1
472,19,1
473,19,1
474,19,1
475,19,1
476,19,1
477,19,1
478,19,1
479,19,1
480,19,1
481,19,1
482,19,1
483,19,1
484,19,1
485,19,1
486,19,1
487,19,1
488,19,1
489,19,1
490,19,1
491,19,1
492,19,1
493,19,1
494,19,1
495,19,1
496,19,1
497,19,1
498,19,1
499,19,1
500,19,1
451,20,21.4551089933727
452,20,12.3894556546583
453,20,-3.65047213149279
454,20,-16.3721406117675
455,20,-9.75777751359644
456,20,29.7966241265171
457,20,28.0476243140201
458,20,-8.09127966568886
459,20,-21.8300646717516
460,20,10.9800704191248
461,20,9.72817989163635
462,20,6.27416841510362
463,20,-13.6477755389362
464,20,19.6050148455071
465,20,-9.94383741592699
466,20,-7.93765477560118
467,20,7.25908252228883
468,20,-11.4848719637492
469,20,10.0320614946362
470,20,0.69400557482904
471,20,14.7303732899867
472,20,-30.6256029937896
473,20,3.05891651255091
474,20,-7.68382302437372
475,20,-23.1691403338334
476,20,-28.4241735322157
477,20,13.1869262798005
478,20,-4.63773402963524
479,20,-9.62540919307129
480,20,24.9986123735349
481,20,37.0676202538825
482,20,0.514045028348477
483,20,13.1589399260245
484,20,-1.83238574781158
485,20,-18.9656612682082
486,20,11.0426066299477
487,20,-37.8343464175526
488,20,-17.2757975562842
489,20,21.3843410446642
490,20,-7.65152098549235
491,20,34.9326807692806
492,20,-19.2687773636171
493,20,-15.5638130641017
494,20,-3.78150923156155
495,20,-1.23673134334859
496,20,19.7414786382458
497,20,-4.63945076596274
498,20,-39.2032617210566
499,20,16.8951099881113
500,20,9.45104683226199
501,21,1
502,21,1
503,21,1
504,21,1
505,21,1
506,21,1
507,21,1
508,21,1
509,21,1
510,21,1
511,21,1
512,21,1
513,21,1
514,21,1
515,21,1
516,21,1
517,21,1
518,21,1
519,21,1
520,21,1
521,21,1
522,21,1
523,21,1
524,21,1
525,21,1
526,21,1
527,21,1
528,21,1
529,21,1
530,21,1
531,21,1
532,21,1
533,21,1
534,21,1
535,21,1
536,21,1
537,21,1
538,21,1
539,21,1
540,21,1
541,21,1
542,21,1
543,21,1
544,21,1
545,21,1
546,21,1
547,21,1
548,21,1
549,21,1
550,21,1
501,22,-36.8251542824787
502,22,-27.7735438592977
503,22,-5.10676100854116
504,22,15.7679565486366
505,22,-25.9681409190429
506,22,1.54773445670136
507,22,-7.39510829486751
508,22,18.4066846001985
509,22,-40.8660165182445
510,22,-2.88114514926079
511,22,-39.6285236012052
512,22,-18.9783506021238
513,22,-23.0359008854144
514,22,-28.4016451119641
515,22,-51.6801807344853
516,22,16.6367921130536
517,22,41.7436746723229
518,22,2.12385167763628
519,22,-5.20849708387386
520,22,35.9660287398737
521,22,-8.61128676153496
522,22,-33.660369302216
523,22,36.2077267016066
524,22,12.1126759521485
525,22,-6.94428279076184
526,22,-11.9788611184468
527,22,-3.84586172078674
528,22,6.83339629456734
529,22,1.53568556492295
530,22,9.5389029823912
531,22,11.8061731014192
532,22,-29.391101108108
533,22,-12.3878952845864
534,22,-10.8069322712221
535,22,-7.02953590846606
536,22,25.8901570620334
537,22,6.74217393055429
538,22,7.35322449378289
539,22,18.6563984172348
540,22,30.892020963401
541,22,4.1750295743269
542,22,-12.9686103126477
543,22,27.1980395160025
544,22,-3.45273308089749
545,22,-26.0137913361666
546,22,4.84685687489644
547,22,3.42441682419413
548,22,27.049067014148
549,22,28.9056615523805
550,22,-20.598806067286
551,23,1
552,23,1
553,23,1
554,23,1
555,23,1
556,23,1
557,23,1
558,23,1
559,23,1
560,23,1
561,23,1
562,23,1
563,23,1
564,23,1
565,23,1
566,23,1
567,23,1
568,23,1
569,23,1
570,23,1
571,23,1
572,23,1
573,23,1
574,23,1
575,23,1
576,23,1
577,23,1
578,23,1
579,23,1
580,23,1
581,23,1
582,23,1
583,23,1
584,23,1
585,23,1
586,23,1
587,23,1
588,23,1
589,23,1
590,23,1
591,23,1
592,23,1
593,23,1
594,23,1
595,23,1
596,23,1
597,23,1
598,23,1
599,23,1
600,23,1
551,24,-28.7435229737965
552,24,10.0027040808031
553,24,13.3718804817342
554,24,11.2434380523808
555,24,-3.85777772823853
556,24,32.9708541196902
557,24,-4.28244081800549
558,24,-27.7382796805246
559,24,3.68245102543115
560,24,-7.1349839983211
561,24,-24.5312667787315
562,24,-10.2808885481604
563,24,-41.8784853588225
564,24,-13.6075830449455
565,24,-3.51150152937671
566,24,-23.0728999353919
567,24,6.13336634629455
568,24,-8.40682985305388
569,24,-9.1675103635544
570,24,9.07502470353084
571,24,-0.87347192102985
572,24,-7.06553654813211
573,24,-19.1969796411477
574,24,9.79241219230317
575,24,3.29398671953655
576,24,-13.0790469284078
577,24,-11.5149975228531
578,24,6.51892466213775
579,24,-6.47321611176717
580,24,-13.3775934963182
581,24,25.8444849885531
582,24,-37.9618976684134
583,24,11.8299344669778
584,24,23.8870983215056
585,24,-4.76395916751419
586,24,-3.86472093404216
587,24,7.23673487480616
588,24,10.6900365659269
589,24,-53.0060452922534
590,24,30.1655292854873
591,24,-0.454396926082342
592,24,28.0010148837842
593,24,9.51440586155055
594,24,1.93437333698553
595,24,27.5404166892462
596,24,-27.8455312119963
597,24,2.95520236575031
598,24,-6.20265647008017
599,24,12.0703375141745
600,24,6.85209854150222
601,25,1
602,25,1
603,25,1
604,25,1
605,25,1
606,25,1
607,25,1
608,25,1
609,25,1
610,25,1
611,25,1
612,25,1
613,25,1
614,25,1
615,25,1
616,25,1
617,25,1
618,25,1
619,25,1
620,25,1
621,25,1
622,25,1
623,25,1
624,25,1
625,25,1
626,25,1
627,25,1
628,25,1
629,25,1
630,25,1
631,25,1
632,25,1
633,25,1
634,25,1
635,25,1
636,25,1
637,25,1
638,25,1
639,25,1
640,25,1
641,25,1
642,25,1
643,25,1
644,25,1
645,25,1
646,25,1
647,25,1
648,25,1
649,25,1
650,25,1
601,26,12.6079863901627
602,26,28.4186784412502
603,26,-1.20768599252228
604,26,-26.5921201990452
605,26,-3.99003903186674
606,26,-10.4396769682655
607,26,1.13283663237023
608,26,4.69520845491994
609,26,-6.52005956296462
610,26,-10.5209755953123
611,26,-17.5238131936538
612,26,-18.7047866047116
613,26,-23.2691926002589
614,26,14.3380695267464
615,26,-5.93826520649641
616,26,28.8466006924622
617,26,19.6275631991234
618,26,-27.8137946597448
619,26,-23.0619740452648
620,26,23.4954271415921
621,26,3.22296719961701
622,26,-11.7037936512709
623,26,18.3547788760304
624,26,-29.4828845599849
625,26,53.4349519533661
626,26,-6.70621213221251
627,26,8.24287270634738
628,26,8.97743021979225
629,26,-0.291444094267437
630,26,7.909709052228
631,26,1.34552870244507
632,26,-5.07785107518564
633,26,17.1916316311096
634,26,0.277165719902239
635,26,0.933982201503427
636,26,8.08524879392103
637,26,3.34793086963936
638,26,-7.16546343209843
639,26,-2.20088243381279
640,26,-19.8529213796244
641,26,-60.171155544438
642,26,-4.04690502941078
643,26,-53.8074396771472
644,26,10.3155033529781
645,26,-5.83056111755326
646,26,-5.56510368203294
647,26,19.9131767370252
648,26,-12.8423060928135
649,26,-11.5761878333379
650,26,-7.90462653617142
651,27,1
652,27,1
653,27,1
654,27,1
655,27,1
656,27,1
657,27,1
658,27,1
659,27,1
660,27,1
661,27,1
662,27,1
663,27,1
664,27,1
665,27,1
666,27,1
667,27,1
668,27,1
669,27,1
670,27,1
671,27,1
672,27,1
673,27,1
674,27,1
675,27,1
676,27,1
677,27,1
678,27,1
679,27,1
680,27,1
681,27,1
682,27,1
683,27,1
684,27,1
685,27,1
686,27,1
687,27,1
688,27,1
689,27,1
690,27,1
691,27,1
692,27,1
693,27,1
694,27,1
695,27,1
696,27,1
697,27,1
698,27,1
699,27,1
700,27,1
651,28,8.00696004669896
652,28,45.5208224089326
653,28,-2.21774287906612
654,28,-8.96754222437805
655,28,23.5865986337261
656,28,18.6399702373038
657,28,11.7032953429394
658,28,27.5100967213623
659,28,44.6811606998068
660,28,39.3335293191437
661,28,10.8736676431743
662,28,18.7428921340062
663,28,-6.07876924717607
664,28,-9.61902201017628
665,28,31.2307847958292
666,28,10.4483560979082
667,28,-1.87168323472493
668,28,35.126504031209
669,28,-10.516516777626
670,28,-8.00396339282185
671,28,-26.770055923143
672,28,-3.91620567571999
673,28,-6.78297943597062
674,28,-6.58937254737652
675,28,-35.0794278723924
676,28,-0.193588560354539
677,28,-10.2699174491436
678,28,-0.531814146445465
679,28,15.9005332699896
680,28,-19.5814861009887
681,28,19.5213555573955
682,28,-43.7703753494585
683,28,7.96889836818835
684,28,16.1064397315532
685,28,-39.3812284274449
686,28,-9.41291621409052
687,28,23.1668214475973
688,28,-2.70636890329332
689,28,9.90635243288373
690,28,12.420404065576
691,28,3.41891118538785
692,28,18.7535843417004
693,28,0.751084895731353
694,28,19.6500826045013
695,28,8.32092007949834
696,28,-17.6625901900314
697,28,29.4411744196518
698,28,11.4543874091787
699,28,-6.09242481904598
700,28,-7.07450685670581
701,29,1
702,29,1
703,29,1
704,29,1
705,29,1
706,29,1
707,29,1
708,29,1
709,29,1
710,29,1
711,29,1
712,29,1
713,29,1
714,29,1
715,29,1
716,29,1
717,29,1
718,29,1
719,29,1
720,29,1
721,29,1
722,29,1
723,29,1
724,29,1
725,29,1
726,29,1
727,29,1
728,29,1
729,29,1
730,29,1
731,29,1
732,29,1
733,29,1
734,29,1
735,29,1
736,29,1
737,29,1
738,29,1
739,29,1
740,29,1
741,29,1
742,29,1
743,29,1
744,29,1
745,29,1
746,29,1
747,29,1
748,29,1
749,29,1
750,29,1
701,30,31.6300446290548
702,30,6.81588852498989
703,30,-5.45589663773014
704,30,0.341115359700778
705,30,7.06354982370416
706,30,-22.81406370943
707,30,55.8753341875374
708,30,16.5230920093348
709,30,62.7226563151979
710,30,-25.780700276794
711,30,-11.9272861763173
712,30,-12.6002627471545
713,30,24.2039459107281
714,30,25.2465954319322
715,30,-9.25669094083757
716,30,2.00405224077428
717,30,-12.4554926581639
718,30,-5.4581463035507
719,30,-37.6633709302596
720,30,23.9205464164385
721,30,-20.4302434208934
722,30,15.0041843398514
723,30,25.1291189329528
724,30,7.94156492809136
725,30,4.52189329585633
726,30,-22.0981633089888
727,30,14.9378953211592
728,30,19.7260399132004
729,30,-12.3445130355281
730,30,-28.7902093208126
731,30,9.9643879604196
732,30,-25.9119164626635
733,30,-28.8025751132647
734,30,24.6981657513393
735,30,-7.10456291989258
736,30,-14.3310956606918
737,30,-19.471051390926
738,30,21.9154283620035
739,30,11.3138487927401
740,30,-9.30167870033678
741,30,8.76836523469687
742,30,13.5160850147635
743,30,45.5813620795799
744,30,0.126226864975716
745,30,33.5964854108628
746,30,-4.3620801598116
747,30,16.5400087844093
748,30,-21.7264102665229
749,30,-2.04795363834831
750,30,-21.7279849572363
751,31,1
752,31,1
753,31,1
754,31,1
755,31,1
756,31,1
757,31,1
758,31,1
759,31,1
760,31,1
761,31,1
762,31,1
763,31,1
764,31,1
765,31,1
766,31,1
767,31,1
768,31,1
769,31,1
770,31,1
771,31,1
772,31,1
773,31,1
774,31,1
775,31,1
776,31,1
777,31,1
778,31,1
779,31,1
780,31,1
781,31,1
782,31,1
783,31,1
784,31,1
785,31,1
786,31,1
787,31,1
788,31,1
789,31,1
790,31,1
791,31,1
792,31,1
793,31,1
794,31,1
795,31,1
796,31,1
797,31,1
798,31,1
799,31,1
800,31,1
751,32,5.81576472050429
752,32,21.1142052815996
753,32,-9.54604942178216
754,32,-14.0785283354046
755,32,-21.2026706232978
756,32,33.6549740901523
757,32,-16.4810884847876
758,32,-17.1697416454238
759,32,-42.6781960518543
760,32,17.5912520926106
761,32,15.7286070229232
762,32,1.99643244166939
763,32,-0.184948099574884
764,32,13.1007903361836
765,32,14.9800564141824
766,32,-32.2454060518277
767,32,-0.422272531811025
768,32,0.118569458068921
769,32,-47.5487892554648
770,32,12.8011587346849
771,32,-1.98931620221475
772,32,-10.9729177987083
773,32,-8.57435756587824
774,32,23.4785889197462
775,32,-12.5380282761232
776,32,22.9879084070303
777,32,17.0862400337403
778,32,13.249205662219
779,32,-2.62353331995767
780,32,7.05877424468334
781,32,10.7734604035389
782,32,42.566831977312
783,32,-16.8556444044233
784,32,16.9855378657787
785,32,-6.8333966813653
786,32,2.56317146606304
787,32,3.63782392503324
788,32,5.92164762482259
789,32,5.50509038200439
790,32,-6.49934530279446
791,32,-6.11061488775627
792,32,38.6617312132581
793,32,23.7898627296332
794,32,32.3372371134984
795,32,29.9613968922278
796,32,7.3554290226997
797,32,-13.9534672382958
798,32,31.1339888285858
799,32,-8.16664242632911
800,32,-14.4903022152404
801,33,1
802,33,1
803,33,1
804,33,1
805,33,1
806,33,1
807,33,1
808,33,1
809,33,1
810,33,1
811,33,1
812,33,1
813,33,1
814,33,1
815,33,1
816,33,1
817,33,1
818,33,1
819,33,1
820,33,1
821,33,1
822,33,1
823,33,1
824,33,1
825,33,1
826,33,1
827,33,1
828,33,1
829,33,1
830,33,1
831,33,1
832,33,1
833,33,1
834,33,1
835,33,1
836,33,1
837,33,1
838,33,1
839,33,1
840,33,1
841,33,1
842,33,1
843,33,1
844,33,1
845,33,1
846,33,1
847,33,1
848,33,1
849,33,1
850,33,1
801,34,14.554233998531
802,34,7.67189817410456
803,34,-6.37125428257568
804,34,29.8905960528555
805,34,-8.36260841023817
806,34,-23.2864815641302
807,34,-8.51014403932264
808,34,-25.1625920359021
809,34,2.61678403726215
810,34,22.7373049475425
811,34,26.1009692865672
812,34,-35.0322236192759
813,34,-13.1233050437326
814,34,-1.00524679026069
815,34,-9.17899906121936
816,34,15.6970695504542
817,34,-25.0520315373372
818,34,3.31374058347625
819,34,-17.6486421814306
820,34,28.2261672342364
821,34,15.3772403474504
822,34,28.849059444941
823,34,-10.0567314454509
824,34,-3.88771572357992
825,34,-15.9070160542115
826,34,-37.2045733361496
827,34,-2.34881076443692
828,34,13.7859607786648
829,34,-44.9137706129623
830,34,11.1694949987863
831,34,12.0800748867907
832,34,17.4171146261926
833,34,4.23439814827601
834,34,1.61001205248109
835,34,16.0651953645721
836,34,-6.17322571294262
837,34,-5.74359780241915
838,34,-45.7274285026764
839,34,22.6577171756534
840,34,-0.557320885408391
841,34,-22.9058121811173
842,34,-25.6098775337204
843,34,12.2296933244405
844,34,-23.1980344198106
845,34,9.51878815466207
846,34,36.2089635453905
847,34,8.25928265169747
848,34,-13.6351127096114
849,34,-0.83079943322458
850,34,-1.15855995863501
851,35,1
852,35,1
853,35,1
854,35,1
855,35,1
856,35,1
857,35,1
858,35,1
859,35,1
860,35,1
861,35,1
862,35,1
863,35,1
864,35,1
865,35,1
866,35,1
867,35,1
868,35,1
869,35,1
870,35,1
871,35,1
872,35,1
873,35,1
874,35,1
875,35,1
876,35,1
877,35,1
878,35,1
879,35,1
880,35,1
881,35,1
882,35,1
883,35,1
884,35,1
885,35,1
886,35,1
887,35,1
888,35,1
889,35,1
890,35,1
891,35,1
892,35,1
893,35,1
894,35,1
895,35,1
896,35,1
897,35,1
898,35,1
899,35,1
900,35,1
851,36,-16.3464233934193
852,36,-7.79332586932143
853,36,22.0615578076411
854,36,-13.4180163373859
855,36,-2.73005647515194
856,36,22.3100419625995
857,36,2.74759945821544
858,36,-9.79458778252926
859,36,10.4097485321406
860,36,-37.3251764848771
861,36,16.376090605305
862,36,34.1796374128246
863,36,18.2257822863546
864,36,33.5801342223688
865,36,-16.094649576125
866,36,22.3105373391664
867,36,-20.816313387405
868,36,-19.6954322951868
869,36,-1.81764097249407
870,36,46.684449756495
871,36,-34.5681453539141
872,36,54.5865389573104
873,36,2.51821654387415
874,36,-10.6637770253826
875,36,7.14501504053091
876,36,9.65487945543428
877,36,8.72897152955923
878,36,-37.7016180410375
879,36,-22.1519885538525
880,36,-14.0301178891869
881,36,16.7056734292315
882,36,-33.8872386901228
883,36,33.591918964855
884,36,13.4342506350541
885,36,-5.22204790557085
886,36,5.33212154515947
887,36,-3.82460838400538
888,36,5.52283910965362
889,36,52.9079879239675
890,36,-28.0148898767168
891,36,20.4419198284267
892,36,14.0194607794583
893,36,-36.882324074689
894,36,8.29838123433645
895,36,40.5906912577552
896,36,-14.8801886961336
897,36,11.5540148679755
898,36,-22.5979021956837
899,36,4.54404213097039
900,36,-7.87254080497286
901,37,1
902,37,1
903,37,1
904,37,1
905,37,1
906,37,1
907,37,1
908,37,1
909,37,1
910,37,1
911,37,1
912,37,1
913,37,1
914,37,1
915,37,1
916,37,1
917,37,1
918,37,1
919,37,1
920,37,1
921,37,1
922,37,1
923,37,1
924,37,1
925,37,1
926,37,1
927,37,1
928,37,1
929,37,1
930,37,1
931,37,1
932,37,1
933,37,1
934,37,1
935,37,1
936,37,1
937,37,1
938,37,1
939,37,1
940,37,1
941,37,1
942,37,1
943,37,1
944,37,1
945,37,1
946,37,1
947,37,1
948,37,1
949,37,1
950,37,1
901,38,35.4084877362885
902,38,24.4108243640763
903,38,-13.0319364144913
904,38,-3.96830106586573
905,38,4.93117228857972
906,38,-11.0820563762322
907,38,13.6947199214327
908,38,0.177158910201536
909,38,5.28928748589909
910,38,34.0404518935427
911,38,-17.3034685990539
912,38,16.2925488885213
913,38,-3.79767466534472
914,38,-30.2947171910909
915,38,15.9100361656891
916,38,21.015627330989
917,38,22.479372005493
918,38,5.69389064837555
919,38,-18.6726008157462
920,38,23.2819638188773
921,38,22.4627749516373
922,38,-9.34689963790716
923,38,-7.57228153642354
924,38,8.6605729907312
925,38,-7.20986491346275
926,38,-20.1546900661632
927,38,-1.96433683987808
928,38,6.84100451036425
929,38,3.68644755880154
930,38,-40.2185975140762
931,38,-2.29487315587163
932,38,27.1313502006785
933,38,1.90168066649089
934,38,17.9467543233333
935,38,-7.20407986444489
936,38,9.41990721476677
937,38,14.9297880624183
938,38,-21.2565567506431
939,38,-0.777100918465279
940,38,-18.8590871465354
941,38,7.94916039235386
942,38,21.1736350265139
943,38,-11.5754341499039
944,38,-11.964064677401
945,38,-28.8382685812456
946,38,-0.262693209326187
947,38,0.423303084094497
948,38,-4.94084703279963
949,38,-26.8090204017004
950,38,0.426759358028947
951,39,1
952,39,1
953,39,1
954,39,1
955,39,1
956,39,1
957,39,1
958,39,1
959,39,1
960,39,1
961,39,1
962,39,1
963,39,1
964,39,1
965,39,1
966,39,1
967,39,1
968,39,1
969,39,1
970,39,1
971,39,1
972,39,1
973,39,1
974,39,1
975,39,1
976,39,1
977,39,1
978,39,1
979,39,1
980,39,1
981,39,1
982,39,1
983,39,1
984,39,1
985,39,1
986,39,1
987,39,1
988,39,1
989,39,1
990,39,1
991,39,1
992,39,1
993,39,1
994,39,1
995,39,1
996,39,1
997,39,1
998,39,1
999,39,1
1000,39,1
951,40,-11.5814901464768
952,40,-34.6952545307743
953,40,-25.7330488999859
954,40,16.4757996911983
955,40,28.1221652546729
956,40,-20.9841676423447
957,40,-2.24079195168926
958,40,18.0802101587202
959,40,17.7422742373426
960,40,3.33362657170554
961,40,-15.3594273600764
962,40,-6.80774775203398
963,40,8.38086874971958
964,40,-2.14568030008027
965,40,-12.4948422262925
966,40,-32.3768567036411
967,40,-4.29148112488526
968,40,11.3792356589729
969,40,15.3670224916071
970,40,-3.7440103305831
971,40,-20.2333311866333
972,40,-39.4973072485585
973,40,-25.0083542577015
974,40,-44.7537757061206
975,40,16.4959235987129
976,40,27.0062554294417
977,40,18.8428667997112
978,40,12.0704382838029
979,40,39.2131192138942
980,40,49.6267374957531
981,40,29.9979452861378
982,40,-20.2422374369226
983,40,29.3477735522525
984,40,4.00587234678431
985,40,23.2902082474522
986,40,32.5709411972945
987,40,-39.5566871604419
988,40,-13.4957855241612
989,40,17.6773878292823
990,40,13.1154143546492
991,40,7.54922945483567
992,40,1.4998261698898
993,40,19.1201312077817
994,40,-11.2820156119166
995,40,-4.21609242226427
996,40,23.8654794501121
997,40,36.3386974212882
998,40,15.8062643658923
999,40,-10.9602581643278
1000,40,22.090126407491
1,41,1
4,41,1
5,41,1
8,41,1
16,41,1
18,41,1
21,41,1
26,41,1
33,41,1
36,41,1
37,41,1
38,41,1
39,41,1
42,41,1
43,41,1
45,41,1
46,41,1
47,41,1
50,41,1
52,41,1
60,41,1
64,41,1
66,41,1
68,41,1
76,41,1
78,41,1
84,41,1
86,41,1
87,41,1
93,41,1
97,41,1
101,41,1
103,41,1
112,41,1
114,41,1
117,41,1
119,41,1
121,41,1
123,41,1
125,41,1
126,41,1
127,41,1
131,41,1
132,41,1
135,41,1
141,41,1
142,41,1
145,41,1
149,41,1
151,41,1
152,41,1
154,41,1
155,41,1
159,41,1
160,41,1
161,41,1
165,41,1
167,41,1
171,41,1
172,41,1
173,41,1
174,41,1
175,41,1
181,41,1
187,41,1
188,41,1
190,41,1
193,41,1
197,41,1
200,41,1
202,41,1
203,41,1
204,41,1
205,41,1
207,41,1
208,41,1
210,41,1
212,41,1
216,41,1
219,41,1
220,41,1
221,41,1
227,41,1
228,41,1
229,41,1
230,41,1
231,41,1
233,41,1
238,41,1
240,41,1
248,41,1
249,41,1
253,41,1
256,41,1
258,41,1
262,41,1
263,41,1
266,41,1
269,41,1
272,41,1
277,41,1
287,41,1
289,41,1
290,41,1
296,41,1
300,41,1
303,41,1
305,41,1
310,41,1
312,41,1
313,41,1
315,41,1
316,41,1
318,41,1
326,41,1
329,41,1
330,41,1
331,41,1
333,41,1
334,41,1
335,41,1
336,41,1
337,41,1
339,41,1
342,41,1
350,41,1
352,41,1
354,41,1
356,41,1
357,41,1
358,41,1
363,41,1
367,41,1
368,41,1
370,41,1
374,41,1
379,41,1
382,41,1
383,41,1
390,41,1
396,41,1
397,41,1
398,41,1
400,41,1
407,41,1
408,41,1
413,41,1
419,41,1
423,41,1
425,41,1
426,41,1
428,41,1
431,41,1
435,41,1
436,41,1
439,41,1
445,41,1
446,41,1
448,41,1
449,41,1
455,41,1
456,41,1
457,41,1
459,41,1
461,41,1
462,41,1
466,41,1
471,41,1
472,41,1
475,41,1
477,41,1
479,41,1
488,41,1
489,41,1
496,41,1
501,41,1
503,41,1
509,41,1
512,41,1
513,41,1
517,41,1
518,41,1
524,41,1
526,41,1
528,41,1
529,41,1
535,41,1
537,41,1
545,41,1
548,41,1
550,41,1
551,41,1
552,41,1
553,41,1
564,41,1
566,41,1
567,41,1
568,41,1
578,41,1
582,41,1
583,41,1
594,41,1
601,41,1
603,41,1
604,41,1
607,41,1
608,41,1
612,41,1
616,41,1
618,41,1
625,41,1
630,41,1
631,41,1
632,41,1
636,41,1
649,41,1
650,41,1
651,41,1
653,41,1
654,41,1
668,41,1
671,41,1
675,41,1
677,41,1
678,41,1
683,41,1
687,41,1
688,41,1
693,41,1
694,41,1
695,41,1
696,41,1
697,41,1
698,41,1
702,41,1
705,41,1
708,41,1
710,41,1
711,41,1
716,41,1
717,41,1
718,41,1
719,41,1
724,41,1
726,41,1
727,41,1
728,41,1
729,41,1
732,41,1
733,41,1
739,41,1
740,41,1
746,41,1
747,41,1
748,41,1
752,41,1
754,41,1
759,41,1
763,41,1
765,41,1
766,41,1
769,41,1
772,41,1
776,41,1
779,41,1
780,41,1
785,41,1
786,41,1
791,41,1
796,41,1
798,41,1
802,41,1
805,41,1
808,41,1
812,41,1
813,41,1
814,41,1
817,41,1
820,41,1
821,41,1
832,41,1
833,41,1
835,41,1
836,41,1
837,41,1
842,41,1
848,41,1
849,41,1
852,41,1
853,41,1
854,41,1
855,41,1
857,41,1
859,41,1
860,41,1
861,41,1
862,41,1
863,41,1
866,41,1
867,41,1
879,41,1
880,41,1
881,41,1
882,41,1
885,41,1
891,41,1
893,41,1
904,41,1
907,41,1
914,41,1
915,41,1
920,41,1
922,41,1
929,41,1
934,41,1
937,41,1
938,41,1
941,41,1
944,41,1
945,41,1
947,41,1
954,41,1
965,41,1
967,41,1
968,41,1
970,41,1
980,41,1
987,41,1
988,41,1
992,41,1
993,41,1
995,41,1
996,41,1
997,41,1
998,41,1
999,41,1
1,42,-5.53114186149444
4,42,7.50052607948828
5,42,15.1783407852888
8,42,-9.48516888802823
16,42,-5.97494144197543
18,42,6.05252288655559
21,42,1.02790019908086
26,42,-14.955854055843
33,42,29.2058972092077
36,42,6.97663357821071
37,42,8.65987390235471
38,42,-4.96050795561976
39,42,5.1542432546167
42,42,-0.703859369207165
43,42,-9.19565115818353
45,42,0.625144266538384
46,42,-8.81165820223771
47,42,16.7386642940322
50,42,7.62108084426294
52,42,-6.98701837397753
60,42,2.28195868270815
64,42,8.97653377917168
66,42,1.68847641500091
68,42,1.94978393421573
76,42,-17.0524778532289
78,42,-18.9403261715206
84,42,24.1606141331866
86,42,6.41731556641649
87,42,-11.3854454050048
93,42,16.6276635442293
97,42,-0.426424612058106
101,42,13.0872005041289
103,42,-2.26248806444081
112,42,6.51113220001941
114,42,-24.6928319821564
117,42,4.42675151575111
119,42,7.82943744457032
121,42,6.39648407458673
123,42,6.64393490188285
125,42,-5.06434430616378
126,42,0.23304510004283
127,42,8.55914704383007
131,42,-3.07650306586277
132,42,-0.425561821468617
135,42,-2.11609536579117
141,42,1.27542801549896
142,42,8.36305352612962
145,42,4.98184834565213
149,42,-11.9742912954112
151,42,-0.826835115029652
152,42,1.96279659808878
154,42,-5.42308266616544
155,42,-12.2114665356051
159,42,-15.9060876846942
160,42,-13.1606124240892
161,42,8.41723884067648
165,42,19.4317430552396
167,42,-4.81010428883395
171,42,-2.23120041925005
172,42,-5.27907616933195
173,42,3.24634151852336
174,42,-12.0755292969074
175,42,7.62648212319376
181,42,3.69102704466414
187,42,-16.9911043612101
188,42,3.56908402816347
190,42,-0.999221654441033
193,42,-5.3254129126898
197,42,-0.655324208177746
200,42,6.46141436334135
202,42,18.0372666951681
203,42,-17.0666743885002
204,42,-7.69617507709196
205,42,17.4292675582649
207,42,1.95941645345304
208,42,19.0854197458877
210,42,-0.586930997560252
212,42,-21.7666577797297
216,42,11.0394930325678
219,42,-0.139794191155862
220,42,-1.02846686417219
221,42,12.4098653267354
227,42,4.27538918046125
228,42,-20.2213848069639
229,42,-5.40235874028197
230,42,12.0829286316861
231,42,6.94447579657662
233,42,-0.795368892023892
238,42,3.00273811437111
240,42,-8.14140618979514
248,42,3.96047853400631
249,42,-12.0038836897856
253,42,4.21184150468482
256,42,-14.8981600532126
258,42,4.68061405863673
262,42,-3.07965004233036
263,42,2.37986634894017
266,42,2.63371484447393
269,42,8.06132614149322
272,42,-8.71192560408675
277,42,-0.949037037429428
287,42,2.20240314972166
289,42,-9.18904861444423
290,42,15.0191692605435
296,42,4.16413286234159
300,42,17.9525969864387
303,42,6.16051818644514
305,42,10.1872279871663
310,42,5.84102561668447
312,42,-6.15661430646958
313,42,3.63409276526109
315,42,6.92706476739947
316,42,-5.53991427704385
318,42,-2.73695309606583
326,42,-8.03414305354238
329,42,-5.43102134944454
330,42,-9.47035556484305
331,42,4.34518906210807
333,42,-5.95519561798168
334,42,1.99867527415171
335,42,18.1276939426797
336,42,12.6918995165845
337,42,3.96273354962311
339,42,2.26083298772283
342,42,-6.16167182651914
350,42,-3.32361874461102
352,42,4.81963227886117
354,42,-5.60890790928839
356,42,-2.71023748326624
357,42,-2.0514675377776
358,42,7.14604475261174
363,42,14.0460865903922
367,42,-25.589755582217
368,42,5.77133585808727
370,42,-3.93437578041352
374,42,-4.8930799700501
379,42,5.79486704717579
382,42,-7.58326908033707
383,42,-17.8139352522748
390,42,8.95153621298114
396,42,-20.3774847325412
397,42,0.934872110433789
398,42,-6.52713138532431
400,42,-7.25596438892978
407,42,4.34211569787174
408,42,13.8114252522027
413,42,14.4384390360777
419,42,10.119421677807
423,42,2.87864160559688
425,42,-0.822406756388753
426,42,24.7571683945828
428,42,-14.4453511160065
431,42,1.14945657588716
435,42,-4.71735988412399
436,42,12.0815354765695
439,42,10.1782987611781
445,42,-0.227943044358454
446,42,-11.6657136307745
448,42,-6.43769882412664
449,42,12.2138999618867
455,42,2.53611549287555
456,42,5.37075497649607
457,42,6.38244359627109
459,42,-5.66560348397378
461,42,0.161347187683329
462,42,-3.73940156646985
466,42,16.7346779620833
471,42,0.470173666705078
472,42,-0.535085787219136
475,42,14.7191381086347
477,42,-0.296683114066034
479,42,-10.7824831911019
488,42,-5.48878707309243
489,42,-10.5449643922966
496,42,5.84016116914736
501,42,4.24231636391957
503,42,-6.14717307236888
509,42,15.6172336043732
512,42,8.73716911794167
513,42,-17.6103140151551
517,42,-6.78796146786021
518,42,-3.33002942047357
524,42,-3.30048890420058
526,42,-10.8231257644578
528,42,22.1386289322752
529,42,-8.99311097187178
535,42,-13.9244796391757
537,42,0.986254145628107
545,42,-7.78292441413844
548,42,-13.7669688705096
550,42,28.4061229838794
551,42,2.87227816147551
552,42,-5.92191040576388
553,42,-8.22687445289267
564,42,5.19464790912422
566,42,0.588700163386261
567,42,7.49705870727677
568,42,-32.0190670910705
578,42,23.0369211719366
582,42,-5.8266181821635
583,42,18.7687642367189
594,42,4.75584227511305
601,42,4.64225420710078
603,42,-5.18625563191592
604,42,11.6662478187844
607,42,-16.1358588090405
608,42,-13.3766740194583
612,42,-7.36931709384328
616,42,-1.84001491654201
618,42,-7.75121423030951
625,42,8.54864257735272
630,42,-8.5628124680847
631,42,-25.1672844948881
632,42,-6.98149462147137
636,42,6.66593182579049
649,42,6.23282171171875
650,42,18.4432152171874
651,42,-19.3858412458973
653,42,-22.263877316332
654,42,6.37995667932467
668,42,3.15893009452019
671,42,-1.82217461911914
675,42,-3.07706779968409
677,42,-4.23747285502753
678,42,-5.87593815243029
683,42,-3.63599202348788
687,42,-14.8253368904871
688,42,10.460838259117
693,42,10.9774664730692
694,42,-1.73755421343275
695,42,-11.3574578178856
696,42,-21.2122641106775
697,42,-2.41816481433547
698,42,22.8233927373952
702,42,-9.17074434780195
705,42,9.52051058479113
708,42,13.7715558112668
710,42,-5.22786012154483
711,42,4.90615723859014
716,42,8.70482720537517
717,42,-14.9031599724258
718,42,2.61201647949278
719,42,-1.5690564064183
724,42,-18.897745916816
726,42,-11.976568516481
727,42,3.62650241049862
728,42,7.7455460023437
729,42,6.97828707820599
732,42,11.6787971800921
733,42,13.5453731419919
739,42,0.165456999696284
740,42,5.8872620127877
746,42,11.4539353487453
747,42,-3.79903317162611
748,42,-6.35684747346373
752,42,13.5837018233938
754,42,-3.52146145991886
759,42,20.0643958475002
763,42,-17.0274306813767
765,42,14.5722494570981
766,42,-1.0472102573012
769,42,-5.29975076488669
772,42,13.2169943719307
776,42,-1.19288711445251
779,42,-7.13683514239419
780,42,-11.6278768890142
785,42,3.69631639866563
786,42,7.2459981252834
791,42,-2.42775044542787
796,42,6.69145360139858
798,42,7.188816097111
802,42,0.407089346651034
805,42,7.78100668268124
808,42,-1.79662086905152
812,42,2.99572719714326
813,42,-2.07505336048656
814,42,-8.42293827852093
817,42,-11.5088118549941
820,42,8.44098548502726
821,42,11.3049310917158
832,42,17.9467805957679
833,42,3.76689883644238
835,42,-10.0010111043607
836,42,-15.8648625559611
837,42,-2.19396737605435
842,42,-13.5954829260063
848,42,-3.7529992720241
849,42,-9.4296390289229
852,42,6.03501314853228
853,42,24.7890587548918
854,42,4.74335282524221
855,42,-4.22106436281443
857,42,-6.4012560755669
859,42,5.65295120501117
860,42,13.5962675921926
861,42,1.45702707173928
862,42,13.1237332723938
863,42,-14.227064971081
866,42,10.6421501746586
867,42,9.44822549256944
879,42,16.165411833956
880,42,19.0353722639767
881,42,13.0809857181421
882,42,-1.60186633748293
885,42,-2.9499741331091
891,42,-0.464709044707731
893,42,-2.93729949369777
904,42,6.04419980651944
907,42,-6.59692112136073
914,42,23.0186859719854
915,42,12.6972842008754
920,42,9.49533060709242
922,42,-13.8787865589074
929,42,2.56903303751429
934,42,13.4516243192333
937,42,-3.98641168425744
938,42,-20.3086138748111
941,42,1.31133169928328
944,42,4.48825820016049
945,42,-9.99418444460169
947,42,14.1326905982035
954,42,5.87726201995444
965,42,-3.5978439422719
967,42,-0.992001777156817
968,42,-10.4586742525745
970,42,-7.84740949978093
980,42,4.23090623528821
987,42,0.951954001948789
988,42,-16.7834680624025
992,42,-6.97559969605735
993,42,2.42507110030696
995,42,-6.20314174808727
996,42,2.94300988715155
997,42,6.89118818559372
998,42,10.8546617684922
999,42,-7.71964704708564
2,43,1
9,43,1
14,43,1
15,43,1
20,43,1
23,43,1
24,43,1
25,43,1
27,43,1
28,43,1
29,43,1
44,43,1
49,43,1
53,43,1
57,43,1
58,43,1
61,43,1
63,43,1
65,43,1
70,43,1
75,43,1
79,43,1
80,43,1
82,43,1
88,43,1
89,43,1
90,43,1
92,43,1
95,43,1
98,43,1
100,43,1
104,43,1
105,43,1
108,43,1
110,43,1
111,43,1
115,43,1
116,43,1
122,43,1
130,43,1
133,43,1
140,43,1
148,43,1
158,43,1
162,43,1
163,43,1
166,43,1
168,43,1
169,43,1
176,43,1
178,43,1
183,43,1
189,43,1
191,43,1
198,43,1
209,43,1
211,43,1
213,43,1
214,43,1
223,43,1
225,43,1
235,43,1
244,43,1
245,43,1
246,43,1
251,43,1
254,43,1
257,43,1
259,43,1
267,43,1
268,43,1
270,43,1
273,43,1
274,43,1
276,43,1
280,43,1
281,43,1
283,43,1
284,43,1
285,43,1
286,43,1
291,43,1
292,43,1
293,43,1
294,43,1
297,43,1
302,43,1
307,43,1
309,43,1
317,43,1
320,43,1
321,43,1
324,43,1
325,43,1
332,43,1
338,43,1
343,43,1
347,43,1
348,43,1
349,43,1
351,43,1
355,43,1
359,43,1
360,43,1
365,43,1
369,43,1
371,43,1
372,43,1
373,43,1
376,43,1
377,43,1
378,43,1
381,43,1
384,43,1
386,43,1
387,43,1
388,43,1
389,43,1
391,43,1
393,43,1
395,43,1
399,43,1
404,43,1
405,43,1
409,43,1
411,43,1
412,43,1
415,43,1
417,43,1
418,43,1
427,43,1
429,43,1
434,43,1
437,43,1
438,43,1
443,43,1
447,43,1
453,43,1
460,43,1
463,43,1
467,43,1
468,43,1
469,43,1
473,43,1
478,43,1
480,43,1
481,43,1
482,43,1
485,43,1
486,43,1
491,43,1
493,43,1
495,43,1
498,43,1
502,43,1
504,43,1
505,43,1
506,43,1
507,43,1
508,43,1
514,43,1
515,43,1
516,43,1
521,43,1
522,43,1
523,43,1
530,43,1
531,43,1
536,43,1
539,43,1
540,43,1
543,43,1
546,43,1
549,43,1
554,43,1
556,43,1
557,43,1
558,43,1
560,43,1
561,43,1
569,43,1
570,43,1
573,43,1
574,43,1
575,43,1
576,43,1
581,43,1
584,43,1
585,43,1
588,43,1
589,43,1
590,43,1
592,43,1
593,43,1
597,43,1
600,43,1
602,43,1
606,43,1
609,43,1
610,43,1
614,43,1
617,43,1
619,43,1
620,43,1
622,43,1
624,43,1
626,43,1
628,43,1
629,43,1
633,43,1
634,43,1
635,43,1
637,43,1
641,43,1
643,43,1
644,43,1
645,43,1
646,43,1
648,43,1
655,43,1
656,43,1
657,43,1
660,43,1
661,43,1
665,43,1
666,43,1
669,43,1
672,43,1
674,43,1
676,43,1
686,43,1
689,43,1
690,43,1
691,43,1
692,43,1
699,43,1
701,43,1
714,43,1
715,43,1
720,43,1
723,43,1
725,43,1
731,43,1
735,43,1
738,43,1
743,43,1
744,43,1
745,43,1
749,43,1
757,43,1
760,43,1
762,43,1
767,43,1
768,43,1
770,43,1
773,43,1
775,43,1
777,43,1
782,43,1
783,43,1
787,43,1
788,43,1
789,43,1
793,43,1
794,43,1
797,43,1
799,43,1
804,43,1
806,43,1
807,43,1
815,43,1
822,43,1
823,43,1
825,43,1
826,43,1
827,43,1
828,43,1
829,43,1
831,43,1
834,43,1
838,43,1
841,43,1
843,43,1
844,43,1
847,43,1
850,43,1
851,43,1
864,43,1
868,43,1
871,43,1
872,43,1
873,43,1
874,43,1
875,43,1
876,43,1
877,43,1
878,43,1
884,43,1
887,43,1
889,43,1
892,43,1
894,43,1
901,43,1
902,43,1
905,43,1
906,43,1
908,43,1
909,43,1
913,43,1
918,43,1
919,43,1
925,43,1
926,43,1
928,43,1
930,43,1
931,43,1
936,43,1
939,43,1
946,43,1
948,43,1
949,43,1
952,43,1
953,43,1
955,43,1
957,43,1
959,43,1
961,43,1
963,43,1
971,43,1
972,43,1
973,43,1
976,43,1
978,43,1
981,43,1
983,43,1
985,43,1
989,43,1
991,43,1
994,43,1
2,44,-5.91611949860143
9,44,-15.0434370934337
14,44,-23.4295901720414
15,44,-10.0706791076753
20,44,1.89091501096497
23,44,12.5994749053853
24,44,11.2899467377714
25,44,-4.67592030180014
27,44,7.24017364545781
28,44,0.198925563184804
29,44,-8.87883234614365
44,44,-7.2436768541159
49,44,-9.35773243550085
53,44,-4.26356849918911
57,44,-1.50884923618751
58,44,13.4817106346785
61,44,7.7929929710732
63,44,16.7747806031663
65,44,-9.13568366640901
70,44,0.554234744118502
75,44,9.72845525366086
79,44,-17.5135669309509
80,44,-3.45978843613943
82,44,3.08670502267731
88,44,7.52879357670826
89,44,-8.16067618249015
90,44,-7.7472090369695
92,44,-1.78789213011278
95,44,-3.95980091425486
98,44,10.3761850512375
100,44,30.7338219652668
104,44,-10.9132642954591
105,44,0.135015572459135
108,44,5.22404114028171
110,44,-33.1127019809089
111,44,2.16734548273365
115,44,-12.0261336250918
116,44,-3.06593404313153
122,44,1.15994706231824
130,44,-12.7456414736629
133,44,8.16541650819679
140,44,11.4702647965574
148,44,7.71324835893668
158,44,-9.9325566698092
162,44,-17.1101103594675
163,44,-13.3604355598951
166,44,-17.6779539006333
168,44,15.533007112719
169,44,8.34347073380565
176,44,7.06039652847554
178,44,-5.39431458969402
183,44,6.6917917883515
189,44,-6.59193891008249
191,44,-6.86580756962727
198,44,4.46769252772221
209,44,-4.63615603269661
211,44,-23.6524291085043
213,44,0.793992903335838
214,44,5.53778416942157
223,44,3.16029465146534
225,44,-7.96979383838056
235,44,11.8597198692307
244,44,-13.1579566512699
245,44,2.21384218781356
246,44,10.4811653804157
251,44,-2.14271859281437
254,44,18.1295784597095
257,44,3.63770566955669
259,44,-18.3025290343697
267,44,-1.52142798332048
268,44,10.0271294229243
270,44,-7.25356175685808
273,44,-21.0733340875016
274,44,-6.90067630124915
276,44,0.873726526783767
280,44,-2.27379021996976
281,44,2.46691812511231
283,44,8.7013402791425
284,44,2.08571170031254
285,44,-5.79973689029384
286,44,7.49191937774693
291,44,1.13222472207163
292,44,8.24410927844156
293,44,-1.9763320975946
294,44,-21.9052751641083
297,44,-10.0202190909172
302,44,16.7175460398286
307,44,10.1974123543157
309,44,16.5353639683259
317,44,0.485047023785029
320,44,2.50203697339374
321,44,-3.51204357901918
324,44,-2.73599457770298
325,44,12.1607890095401
332,44,8.22509203136536
338,44,1.29267645512307
343,44,0.318853393552751
347,44,0.387850028966417
348,44,0.690666113356457
349,44,-1.95112972227298
351,44,2.95759427661755
355,44,9.36551928058663
359,44,8.07447837889877
360,44,2.46368185514145
365,44,-6.29821374930489
369,44,1.68779984003341
371,44,-23.1650908268566
372,44,16.2868397391473
373,44,-14.4968522858831
376,44,-7.7270735515952
377,44,-4.24252204279125
378,44,3.42577635138084
381,44,-5.9251027753978
384,44,-3.66794767620657
386,44,12.8035158474742
387,44,1.52793852753128
388,44,7.87219476068629
389,44,-1.31547374708936
391,44,7.54528344686561
393,44,-0.798900531673969
395,44,15.9447719965457
399,44,-15.6700211708721
404,44,-10.3980907666105
405,44,-7.66776308918448
409,44,-12.8292477153171
411,44,0.441626846683087
412,44,-13.0816096801263
415,44,-2.76224214660788
417,44,-2.16387829397783
418,44,-1.35314043161612
427,44,7.16195387879385
429,44,-0.459271281943306
434,44,-5.5259828812286
437,44,4.6917026283716
438,44,9.2028318907863
443,44,-8.62166267677896
447,44,5.45131261794716
453,44,-6.79418444214981
460,44,7.36655186935914
463,44,-9.08541098192009
467,44,-5.17983045461062
468,44,7.93015427170347
469,44,-10.2898102843807
473,44,-13.2954787569459
478,44,-12.2380746200347
480,44,1.62808481432177
481,44,-3.65166595961947
482,44,0.498633772627971
485,44,0.805863366509869
486,44,-5.84967380823228
491,44,-4.49632920255483
493,44,-5.50972314309589
495,44,-1.44913231852571
498,44,-6.56806912270153
502,44,10.943517836482
504,44,-11.2975705825186
505,44,29.1729455008727
506,44,-7.19329601036461
507,44,15.8041350764413
508,44,-1.68992054891314
514,44,-11.0943498763899
515,44,-0.625108858717753
516,44,11.9376180044594
521,44,-0.575432285534765
522,44,3.96666612984359
523,44,3.52292218304337
530,44,9.65784875176737
531,44,-0.163345983283355
536,44,4.00152723030102
539,44,8.0965044485506
540,44,-5.79670098071492
543,44,6.55364600998724
546,44,2.78320354543305
549,44,1.14560337973888
554,44,5.80484761643452
556,44,-3.45245159842604
557,44,-14.1691134154545
558,44,-1.97494074236446
560,44,-6.46818237569004
561,44,2.63967802610895
569,44,-20.6386220498198
570,44,-1.39088902335325
573,44,-10.7552421388964
574,44,-12.0259554659335
575,44,17.5703287675577
576,44,-4.3490023991954
581,44,-12.1257893338257
584,44,1.16851572201085
585,44,1.96663609679908
588,44,-14.9136290722459
589,44,-13.0203417680501
590,44,-9.33228723368919
592,44,-15.7620808024849
593,44,-8.62306650249083
597,44,2.91826392671947
600,44,-8.89296154971578
602,44,2.96163584585382
606,44,16.4679275241842
609,44,4.20184605444579
610,44,4.08767185471779
614,44,-8.44977220871137
617,44,-5.92809819713245
619,44,-1.41698339392687
620,44,-2.79592171104848
622,44,-8.17319741397552
624,44,-5.45643072332267
626,44,29.171781518082
628,44,7.34174511320639
629,44,-4.55827254444469
633,44,-6.38140189941803
634,44,-3.82750807192599
635,44,-1.50569043995372
637,44,9.28635307187668
641,44,-9.78726537585232
643,44,3.77188147868856
644,44,11.7943259448266
645,44,2.20783549846591
646,44,22.2484454922205
648,44,-6.32135488293813
655,44,-6.96457076465343
656,44,-4.42390970591545
657,44,2.95331895251991
660,44,-19.0288361490246
661,44,7.84752737560545
665,44,2.14678425961799
666,44,6.10164399449828
669,44,-2.3993558141031
672,44,15.6003838413422
674,44,-19.2643640513547
676,44,2.19130905445126
686,44,-21.5549462207947
689,44,-15.6150774677934
690,44,-11.9936392195015
691,44,0.430678821290929
692,44,-8.20406079812132
699,44,1.65556134014736
701,44,-1.92670151065857
714,44,1.03089947972292
715,44,-14.8662301887006
720,44,4.52201676771915
723,44,-12.5444605598951
725,44,2.39418942392936
731,44,3.73839846546408
735,44,-7.71287681374601
738,44,4.75706345483628
743,44,-15.5826359204233
744,44,-27.4004831579482
745,44,1.65222602203721
749,44,0.256664114704552
757,44,-10.2757864450784
760,44,4.8551148138586
762,44,13.0906691787774
767,44,14.6801741642434
768,44,-2.23383166232352
770,44,-1.6734980631407
773,44,0.904956782740248
775,44,2.41520306614962
777,44,-1.40179687464717
782,44,-9.15540018672006
783,44,-3.64749224578183
787,44,3.92002930012872
788,44,-11.4790459079004
789,44,-6.10008292942579
793,44,7.14333963461708
794,44,-1.54379262479696
797,44,3.26058567992114
799,44,11.0080750874637
804,44,-3.36939415550293
806,44,-19.45257249406
807,44,-5.89434531232584
815,44,5.49573999433363
822,44,3.99257467938503
823,44,-9.75649245387526
825,44,-1.82173892669943
826,44,-4.09826217959476
827,44,5.44511661642575
828,44,3.30769705345325
829,44,7.7168146360692
831,44,-11.2367393642595
834,44,1.36822128115389
838,44,20.123042923164
841,44,12.6872513710485
843,44,-2.58662156878306
844,44,-7.51006877467842
847,44,3.76562006493541
850,44,9.90280541563034
851,44,-6.97359568296707
864,44,9.23789411559485
868,44,7.22100050377814
871,44,0.3298574476382
872,44,-5.6997844759317
873,44,-25.5692542266934
874,44,-0.248815831104017
875,44,12.5599948329802
876,44,-14.7542596089559
877,44,12.6921522632442
878,44,-8.16679801982463
884,44,-2.64040608000731
887,44,-2.30332560301346
889,44,-21.1035378236406
892,44,-9.52732108220068
894,44,-15.6124308388355
901,44,2.64824191415891
902,44,-14.5792592929739
905,44,1.35364532736957
906,44,2.76140013240661
908,44,15.1558411085067
909,44,-0.866126256278174
913,44,-7.5218086336453
918,44,-10.5897828238045
919,44,3.830767737065
925,44,6.38402296003936
926,44,42.3845522959568
928,44,-14.0720642213895
930,44,-2.80596748237144
931,44,-9.31670888412521
936,44,-12.0581064689943
939,44,10.7395413700677
946,44,-2.94714191987954
948,44,-4.51813810349823
949,44,-15.1290726008625
952,44,1.07579010573135
953,44,6.97101691144989
955,44,10.0711740537161
957,44,-5.49979756389209
959,44,-13.1822089995039
961,44,4.42016767927089
963,44,3.25561840701128
971,44,9.41998461562762
972,44,1.84285008006281
973,44,-2.80130733080025
976,44,3.92420146523941
978,44,-14.9762890964792
981,44,-12.890396418799
983,44,-12.8891972567445
985,44,-1.66531871495204
989,44,-4.74828432195999
991,44,-0.541950996524722
994,44,-0.449110081609475
3,45,1
6,45,1
7,45,1
10,45,1
11,45,1
12,45,1
13,45,1
17,45,1
19,45,1
22,45,1
30,45,1
31,45,1
32,45,1
34,45,1
35,45,1
40,45,1
41,45,1
48,45,1
51,45,1
54,45,1
55,45,1
56,45,1
59,45,1
62,45,1
67,45,1
69,45,1
71,45,1
72,45,1
73,45,1
74,45,1
77,45,1
81,45,1
83,45,1
85,45,1
91,45,1
94,45,1
96,45,1
99,45,1
102,45,1
106,45,1
107,45,1
109,45,1
113,45,1
118,45,1
120,45,1
124,45,1
128,45,1
129,45,1
134,45,1
136,45,1
137,45,1
138,45,1
139,45,1
143,45,1
144,45,1
146,45,1
147,45,1
150,45,1
153,45,1
156,45,1
157,45,1
164,45,1
170,45,1
177,45,1
179,45,1
180,45,1
182,45,1
184,45,1
185,45,1
186,45,1
192,45,1
194,45,1
195,45,1
196,45,1
199,45,1
201,45,1
206,45,1
215,45,1
217,45,1
218,45,1
222,45,1
224,45,1
226,45,1
232,45,1
234,45,1
236,45,1
237,45,1
239,45,1
241,45,1
242,45,1
243,45,1
247,45,1
250,45,1
252,45,1
255,45,1
260,45,1
261,45,1
264,45,1
265,45,1
271,45,1
275,45,1
278,45,1
279,45,1
282,45,1
288,45,1
295,45,1
298,45,1
299,45,1
301,45,1
304,45,1
306,45,1
308,45,1
311,45,1
314,45,1
319,45,1
322,45,1
323,45,1
327,45,1
328,45,1
340,45,1
341,45,1
344,45,1
345,45,1
346,45,1
353,45,1
361,45,1
362,45,1
364,45,1
366,45,1
375,45,1
380,45,1
385,45,1
392,45,1
394,45,1
401,45,1
402,45,1
403,45,1
406,45,1
410,45,1
414,45,1
416,45,1
420,45,1
421,45,1
422,45,1
424,45,1
430,45,1
432,45,1
433,45,1
440,45,1
441,45,1
442,45,1
444,45,1
450,45,1
451,45,1
452,45,1
454,45,1
458,45,1
464,45,1
465,45,1
470,45,1
474,45,1
476,45,1
483,45,1
484,45,1
487,45,1
490,45,1
492,45,1
494,45,1
497,45,1
499,45,1
500,45,1
510,45,1
511,45,1
519,45,1
520,45,1
525,45,1
527,45,1
532,45,1
533,45,1
534,45,1
538,45,1
541,45,1
542,45,1
544,45,1
547,45,1
555,45,1
559,45,1
562,45,1
563,45,1
565,45,1
571,45,1
572,45,1
577,45,1
579,45,1
580,45,1
586,45,1
587,45,1
591,45,1
595,45,1
596,45,1
598,45,1
599,45,1
605,45,1
611,45,1
613,45,1
615,45,1
621,45,1
623,45,1
627,45,1
638,45,1
639,45,1
640,45,1
642,45,1
647,45,1
652,45,1
658,45,1
659,45,1
662,45,1
663,45,1
664,45,1
667,45,1
670,45,1
673,45,1
679,45,1
680,45,1
681,45,1
682,45,1
684,45,1
685,45,1
700,45,1
703,45,1
704,45,1
706,45,1
707,45,1
709,45,1
712,45,1
713,45,1
721,45,1
722,45,1
730,45,1
734,45,1
736,45,1
737,45,1
741,45,1
742,45,1
750,45,1
751,45,1
753,45,1
755,45,1
756,45,1
758,45,1
761,45,1
764,45,1
771,45,1
774,45,1
778,45,1
781,45,1
784,45,1
790,45,1
792,45,1
795,45,1
800,45,1
801,45,1
803,45,1
809,45,1
810,45,1
811,45,1
816,45,1
818,45,1
819,45,1
824,45,1
830,45,1
839,45,1
840,45,1
845,45,1
846,45,1
856,45,1
858,45,1
865,45,1
869,45,1
870,45,1
883,45,1
886,45,1
888,45,1
890,45,1
895,45,1
896,45,1
897,45,1
898,45,1
899,45,1
900,45,1
903,45,1
910,45,1
911,45,1
912,45,1
916,45,1
917,45,1
921,45,1
923,45,1
924,45,1
927,45,1
932,45,1
933,45,1
935,45,1
940,45,1
942,45,1
943,45,1
950,45,1
951,45,1
956,45,1
958,45,1
960,45,1
962,45,1
964,45,1
966,45,1
969,45,1
974,45,1
975,45,1
977,45,1
979,45,1
982,45,1
984,45,1
986,45,1
990,45,1
1000,45,1
3,46,-1.15155191688322
6,46,8.54745333563064
7,46,4.75852339503364
10,46,1.46007523182355
11,46,11.3268761716095
12,46,-16.0706793913904
13,46,3.26041761242876
17,46,5.19848197712046
19,46,9.18374159802112
22,46,11.2495713679436
30,46,-4.34576992105569
31,46,19.7155629887672
32,46,7.39874439600353
34,46,4.23316739157803
35,46,-11.4478737978754
40,46,-18.8732103079773
41,46,4.87119042032696
48,46,-9.91473057212228
51,46,7.46126161778026
54,46,-2.93969711618286
55,46,-7.47401125457285
56,46,12.7839666132526
59,46,-2.57533543332737
62,46,-3.80035187570569
67,46,-10.2063560293314
69,46,-7.94726706997038
71,46,9.44148821671648
72,46,3.03797097908137
73,46,7.1142232290595
74,46,-2.61851687521086
77,46,2.58919774651567
81,46,-13.6146982168569
83,46,-18.4991864081295
85,46,2.77303851727637
91,46,-3.66900077061269
94,46,-11.6269441804986
96,46,25.6026318081351
99,46,-10.6773245667745
102,46,-0.649789352323324
106,46,-5.55067110771364
107,46,-4.14729060420697
109,46,-0.848866782683442
113,46,3.44418275896669
118,46,24.3155478338525
120,46,-4.43449701725827
124,46,-13.9529582314599
128,46,18.8622677807292
129,46,0.436178817110674
134,46,-9.05214535690272
136,46,-3.08206177033232
137,46,2.61377983915457
138,46,-18.4550024193254
139,46,8.57602985991821
143,46,6.60944881889184
144,46,-6.19489752241304
146,46,4.04370760197101
147,46,-6.89557967947447
150,46,5.85951734615789
153,46,-13.2081600398091
156,46,0.0375860354201909
157,46,3.96613838544154
164,46,8.46404725545077
170,46,-0.601499619414686
177,46,-4.3485126455782
179,46,1.74864240073327
180,46,0.88161612278875
182,46,-16.7812523794913
184,46,-17.1266028440166
185,46,-5.11859576039564
186,46,7.04791395422966
192,46,-15.8198344487577
194,46,5.07057424020622
195,46,-4.52772375893873
196,46,13.2610371244975
199,46,3.77558524724485
201,46,-11.5659328448899
206,46,5.97297246141852
215,46,0.368113566642071
217,46,-5.02425911262015
218,46,7.72075566336985
222,46,11.7397974013729
224,46,-4.57057321494208
226,46,5.52234927199549
232,46,-14.2046704574808
234,46,-0.221069899713187
236,46,-11.542026975035
237,46,5.39427350906073
239,46,-4.41135432392192
241,46,4.36677677641495
242,46,13.7178035102311
243,46,-7.90191676656587
247,46,24.1613297707574
250,46,-5.14419333187684
252,46,0.39306585364601
255,46,4.48530352489695
260,46,8.37911347496777
261,46,14.4543554589542
264,46,3.72857693489567
265,46,-14.9512192964223
271,46,-0.768009730899967
275,46,19.50989674775
278,46,0.780100591052131
279,46,-1.70026990189435
282,46,-10.94535581365
288,46,-12.6913122001822
295,46,12.4207814696396
298,46,-2.33477717174548
299,46,-5.37449136563746
301,46,7.66445766335575
304,46,-22.3883130122675
306,46,0.438374450722962
308,46,10.2305740628872
311,46,9.9315584494348
314,46,-5.62102470650059
319,46,-23.047052655971
322,46,1.12446306180095
323,46,3.4002358737954
327,46,6.12271580059096
328,46,-1.59034206723852
340,46,0.444543982401047
341,46,14.8287466367112
344,46,-5.20560881757234
345,46,-9.1667339662783
346,46,0.577110272855572
353,46,7.52123453254918
361,46,-15.2715465391717
362,46,-6.81379147099205
364,46,-15.3201084131146
366,46,-9.65370579345052
375,46,6.22623307542811
380,46,3.97955740481052
385,46,3.77793602420489
392,46,12.5923640008407
394,46,17.172310548456
401,46,8.64626595446067
402,46,6.06213588680035
403,46,-2.66680089081069
406,46,-9.00975710410979
410,46,-14.2414425223029
414,46,-11.0524855211694
416,46,6.22531879487111
420,46,-8.03683565195799
421,46,-1.29165656684506
422,46,12.1408410596831
424,46,-2.84302917834885
430,46,-14.3499997202816
432,46,-9.41366448685007
433,46,-12.5448463539096
440,46,3.75434121227064
441,46,-6.03524504325761
442,46,-3.89080949187697
444,46,4.33075220422105
450,46,-3.65594515832762
451,46,-6.69094185322141
452,46,27.2820861475301
454,46,7.47000970026405
458,46,0.0768929376183035
464,46,-10.6862439840278
465,46,0.551339961382737
470,46,-12.2705130027936
474,46,-4.67594481725189
476,46,15.5705626434868
483,46,19.6281318608223
484,46,2.77650942661356
487,46,1.0331143065978
490,46,7.08857024448631
492,46,0.811849786334325
494,46,-2.25480730581003
497,46,-1.53708876264504
499,46,-4.57771144884004
500,46,-6.55756640403976
510,46,10.5396093396555
511,46,-0.00841183102770844
519,46,15.4115874970539
520,46,3.94610059409772
525,46,-4.51995681749306
527,46,1.03991442028049
532,46,-15.7255878892558
533,46,7.65550460705533
534,46,0.714245742497187
538,46,-3.44463810167483
541,46,-10.9298949585736
542,46,-4.859450503219
544,46,-7.00286222298141
547,46,24.7780022682103
555,46,-6.16836088831223
559,46,2.0991878328677
562,46,15.6505280173672
563,46,-24.5059681592076
565,46,21.024099162407
571,46,9.68602163234747
572,46,-7.11992111574223
577,46,-16.8020433920625
579,46,-5.49129374405531
580,46,0.931759158036035
586,46,5.43230531978872
587,46,-2.90691808485867
591,46,-0.298366841448021
595,46,-18.7487484658899
596,46,11.9182890299074
598,46,-18.9337877674909
599,46,-2.66916183144301
605,46,12.946079970495
611,46,2.17227293336058
613,46,-17.5591747819179
615,46,-0.0686511206510037
621,46,-4.93232628551949
623,46,0.810032479033704
627,46,2.28398823498415
638,46,-2.70351041469945
639,46,3.35394646634037
640,46,-8.20976280015176
642,46,-3.85081640274962
647,46,-16.0446020885054
652,46,0.409778145224179
658,46,23.5522700640272
659,46,-9.90498963030632
662,46,6.0250884101731
663,46,10.5825499897175
664,46,-5.59850179716905
667,46,2.5969798624658
670,46,-6.13494131725642
673,46,-1.96560043426622
679,46,7.90694182781824
680,46,-12.4792076928556
681,46,-12.560608151474
682,46,24.6244140196824
684,46,12.6348724800677
685,46,1.21201916433884
700,46,-7.32776783715837
703,46,-8.15727527950106
704,46,2.38310574458369
706,46,-8.82171965134132
707,46,16.7454623061628
709,46,6.79395377317534
712,46,-2.93057455254392
713,46,-5.71964328971945
721,46,0.90802593016263
722,46,5.70219033287498
730,46,-2.51240131823991
734,46,-5.08606269873971
736,46,-5.57598542564133
737,46,0.657129594082677
741,46,7.04207077309077
742,46,-0.0385895845366052
750,46,7.91447239474741
751,46,-2.26509791481713
753,46,-18.2598624349382
755,46,-11.2492572946345
756,46,9.36654014775284
758,46,-1.19224315880303
761,46,-24.7976542608072
764,46,3.48218507730526
771,46,-13.3598174785162
774,46,6.74105225131307
778,46,15.0345812810991
781,46,-1.90562050543266
784,46,-13.409549112652
790,46,15.2019278581648
792,46,3.39727991696963
795,46,6.76698617876398
800,46,-7.93578464582607
801,46,-1.48311379426191
803,46,11.4420772826972
809,46,0.510194812238545
810,46,4.30594256594676
811,46,10.2206949753399
816,46,-0.470248390444331
818,46,-16.1042703748711
819,46,-3.13701979848737
824,46,-10.1920031766807
830,46,4.13637447643381
839,46,-1.26530642170123
840,46,4.92872326917387
845,46,0.599931987893705
846,46,-7.91703650436341
856,46,-15.3155682502665
858,46,5.28869477611613
865,46,6.27527233625233
869,46,-22.3036556739415
870,46,7.08277691835836
883,46,-5.16859986346519
886,46,1.6156257011809
888,46,7.497422087361
890,46,-2.5820370792441
895,46,3.70338237157223
896,46,-0.290729015699729
897,46,-3.01275778960335
898,46,9.20283668422544
899,46,2.1096395301188
900,46,10.9637679034273
903,46,-8.84914724511109
910,46,-5.20580447125175
911,46,8.83953175951531
912,46,-4.77834227608853
916,46,3.08191566966434
917,46,-6.02227494313361
921,46,6.71941402531933
923,46,3.60780044247752
924,46,-5.62529043383976
927,46,14.837709389806
932,46,-5.76341478097117
933,46,-13.942331450538
935,46,24.278256305534
940,46,-8.91140042858252
942,46,6.00288400668957
943,46,10.8584484676244
950,46,5.39892793311826
951,46,5.83883279280874
956,46,-11.0582751506398
958,46,1.19315850557592
960,46,-10.1133911857321
962,46,20.4762114743514
964,46,-2.4459520296588
966,46,2.85410257645914
969,46,-1.02747636175116
974,46,-9.54797018236041
975,46,-5.4657787984642
977,46,-1.62925687162454
979,46,10.0836447506299
982,46,-0.498719969266706
984,46,-22.0556595585901
986,46,-15.709198301451
990,46,-1.89830254961086
1000,46,-11.0185724061041
